"Device Type","Asset #","Device Name","Manufacturer","Description","Contract Vendor Name","Contract Date","Asset Status","Planned Asset Status","Planned Date","Last Tracked Date","Department","Location","User Name","Account","E-mail","Phone","OS","Microsoft Office","Microsoft Visio","Product Key Windows","Product Key Office","Product key visio","Serial Display","Registered Date/Time","Last Modified Date/Time","Model","Serial #","Processor","Total Memory","Storage Capacity","Free Storage Capacity","IP Address","Subnet Mask","MAC Address","Host Name","Operating System","Display Type","Display Size","Display Graphic Mode","UDID","IMEI","ICCID","Contract Phone"
"PC","","IPC0A80C68","VMware, Inc.","","","","Unconfirmed","","","Aug/21/2013","","","","","","","","","","","","","","Mar/05/2013 12:07:33","May/23/2013 16:20:19","VMware Virtual Platform","VMware-42 35 35 66 01 93 7c d4-c2 b1 d7 10 fc d9 3b e4","Intel(R) Xeon(R) CPU E5-2620 0 @ 2.00GHz","4GB","19.9GB","1.26GB","192.168.12.104","255.255.255.0","00:50:56:b5:61:59","TOMON.G-TEC.LOCAL","Microsoft Windows XP Professional","-","-","-","","","",""
"PC","","IPC0A8661B","Hewlett-Packard","","","","Unconfirmed","","","Jul/05/2013","","","","","","","","","","","","","","Jun/19/2013 12:04:36","Jul/05/2013 09:50:21","HP Compaq 6520s","CNU824272X","Intel(R) Core(TM)2 Duo CPU     T5670  @ 1.80GHz","1.5GB","149GB","137GB","192.168.102.27","255.255.255.0","00:1f:29:93:45:1b","g-tec","Microsoft Windows XP Professional","-","-","-","","","",""
"PC","","IT_SAKSON.G-TEC.LOCAL","Hewlett-Packard","","","","Unconfirmed","","","Aug/21/2013","","","","","","","","","","","","","","Aug/21/2013 09:37:39","Aug/21/2013 09:37:39","HP Compaq Pro 6300 MT","SGH322P1J1","Intel(R) Core(TM) i5-3470 CPU @ 3.20GHz","4GB","763GB","612GB","192.168.102.234","255.255.255.0","88:51:fb:56:19:22","IT_SAKSON.G-TEC.LOCAL","Microsoft Windows 7 Professional","-","-","-","","","",""
"PC","","IT_Thirachai.G-TEC.LOCAL","Dell Inc.","","","","Unconfirmed","","","Aug/21/2013","","","","","","","","","","","","","","Aug/17/2013 16:33:25","Aug/17/2013 16:33:25","Precision WorkStation T3500","7GCJ62S","Intel(R) Xeon(R) CPU           E5630  @ 2.53GHz","12GB","1.36TB","917GB","192.168.102.220","255.255.255.0","b8:ac:6f:88:3a:3a","IT_Thirachai.G-TEC.LOCAL","Microsoft Windows 8 Pro","-","-","-","","","",""
"PC","","Jiraphat.G-TEC.LOCAL","LENOVO","","","","Unconfirmed","","","Aug/21/2013","","","","","","","","","","","","","","Aug/19/2013 13:00:46","Aug/19/2013 13:00:46","2349M3T","PB91XXR","Intel(R) Core(TM) i3-3120M CPU @ 2.50GHz","4GB","465GB","421GB","192.168.102.107","255.255.255.0","00:21:cc:d8:59:cc","Jiraphat.G-TEC.LOCAL","Microsoft Windows 7 Professional","-","-","-","","","",""
"PC","","Press_Somnuk.G-TEC.LOCAL","LENOVO","","","","Unconfirmed","","","Aug/21/2013","","","","","","","","","","","","","","Aug/17/2013 17:08:41","Aug/17/2013 17:08:41","2743QNT","MLHPTB4","Intel(R) Core(TM)2 Duo CPU     T5870  @ 2.00GHz","2GB","232GB","163GB","192.168.102.112","255.255.255.0","90:e6:ba:60:80:6e","Press_Somnuk.G-TEC.LOCAL","Microsoft Windows XP Professional","-","-","-","","","",""
"PC","","Printer_server.G-TEC.LOCAL","VMware, Inc.","","","","Unconfirmed","","","Aug/21/2013","","","","","","","","","","","","","","Apr/23/2013 17:46:21","Apr/23/2013 17:46:21","VMware Virtual Platform","VMware-42 35 05 47 9d a2 de ed-97 88 4c 3f bf 4a 56 27","Intel(R) Xeon(R) CPU E5-2620 0 @ 2.00GHz","2GB","19.9GB","6.96GB","192.168.12.17","255.255.255.0","00:50:56:b5:4d:7a","Printer_server.G-TEC.LOCAL","Microsoft Windows XP Professional","-","-","-","","","",""
"PC","","TOMON.G-TEC.LOCAL","VMware, Inc.","","","","Unconfirmed","","","Aug/21/2013","","","","","","","","","","","","","","Jul/16/2013 08:34:58","Jul/16/2013 08:34:58","VMware Virtual Platform","VMware-42 35 7d e7 22 cb 4c 9d-37 fe 2c e0 f2 4d 93 0c","Intel(R) Xeon(R) CPU E5-2620 0 @ 2.00GHz","4GB","19.9GB","1.45GB","192.168.12.100","255.255.255.0","00:50:56:b5:51:f4","Server_Access_Door.G-TEC.LOCAL","Microsoft Windows XP Professional","-","-","-","","","",""
"PC","","WIN7_64","VMware, Inc.","","","","Unconfirmed","","","Aug/16/2013","","","","","","","","","","","","","","Jan/30/2013 12:27:36","Mar/04/2013 13:14:49","VMware Virtual Platform","VMware-42 35 a1 6f 46 45 14 40-cd 42 a3 e6 7e a7 aa f1","Intel(R) Xeon(R) CPU E5-2620 0 @ 2.00GHz","4GB","79.9GB","55.4GB","192.168.12.101","255.255.255.0","00:50:56:b5:62:51","WIN7_64","Microsoft Windows 7 Professional","-","-","-","","","",""
"PC","","g-6df5d364ca164","Dell Inc.","","","","Unconfirmed","","","Aug/06/2013","","","","","","","","","","","","","","Feb/09/2013 11:25:45","Mar/05/2013 10:19:56","Precision WorkStation T5500","CH6W92S","Intel(R) Xeon(R) CPU           X5675  @ 3.07GHz","24GB","932GB","813GB","192.168.104.76","255.255.255.0","00:50:fc:23:9c:cb","DIE_Vectoron","Microsoft(R) Windows(R) XP Professional x64 Edition","-","-","-","","","",""
"Server","","Server-Temp.G-TEC.LOCAL","VMware, Inc.","","","","Unconfirmed","","","Aug/16/2013","","","","","","","","","","","","","","Jun/20/2013 12:11:23","Aug/14/2013 09:09:02","VMware Virtual Platform","VMware-42 35 cf a0 fb 0b be c9-96 34 ed 91 c9 a1 d9 f6","Intel(R) Xeon(R) CPU E5-2620 0 @ 2.00GHz","4GB","79.9GB","66.5GB","192.168.12.62","255.255.255.0","00:50:56:b5:45:c6","Server_Catia.G-TEC.LOCAL","Microsoft Windows Server 2008 R2 Standard","-","-","-","","","",""
"Server","","Test_Ricon.G-TEC.LOCAL","VMware, Inc.","","","","Unconfirmed","","","Aug/21/2013","","","","","","","","","","","","","","Apr/30/2013 12:12:30","May/27/2013 09:24:06","VMware Virtual Platform","VMware-42 35 91 f3 36 12 a2 1f-17 4b d5 b9 17 50 0d d7","Intel(R) Xeon(R) CPU E5-2620 0 @ 2.00GHz","6GB","79.9GB","57.8GB","192.168.12.16","255.255.255.0","00:50:56:b5:72:b7","ServerSophos.G-TEC.LOCAL","Microsoft Windows Server 2008 R2 Standard","-","-","-","","","",""
"PC","AC-PC-006","ACC_Duangkaew","LENOVO","","","","In Use","Disposed","Aug/05/2018","Aug/21/2013","ACC","Main Office","Ms.Duangkaew","","","","","","","","","","","Apr/30/2013 13:05:44","Aug/19/2013 13:43:50","3574N7T","S1FYV73","Intel(R) Core(TM) i5-3470S CPU @ 2.90GHz","6GB","465GB","431GB","192.168.101.125","255.255.255.0","f8:0f:41:65:c5:a1","ACC_Duangkaew.G-TEC.LOCAL","Microsoft Windows 7 Professional","-","-","-","","","",""
"PC","AC-PC-001","ACC_Hunsamon","Hewlett-Packard","","","","In Use","Disposed","Feb/28/2017","Aug/21/2013","ACC","Main Office","Ms.Hunsamon","","","305","","","","","","","","Aug/18/2012 11:15:37","Aug/17/2013 15:21:25","HP Compaq 6000 Pro MT PC","SGH015SJ67","Intel(R) Core(TM)2 Duo CPU     E7600  @ 3.06GHz","2GB","298GB","213GB","192.168.101.121","255.255.255.0","00:0f:fe:fe:d5:74","ACC_Hunsamon.G-TEC.LOCAL","Microsoft Windows XP Professional","-","-","-","","","",""
"PC","AC-PC-002","ACC_KITTIMA","Hewlett-Packard","","","","In Use","Disposed","Feb/28/2017","Aug/21/2013","ACC","Main Office","Ms.Kittama","","","216","","","","","","","","Aug/18/2012 11:17:58","Aug/17/2013 15:21:25","HP Compaq 6200 Pro MT PC","SGH146Q344","Intel(R) Core(TM) i5-2400 CPU @ 3.10GHz","4GB","465GB","372GB","192.168.101.148","255.255.255.0","2c:41:38:a8:19:05","ACC_KITTIMA.G-TEC.LOCAL","Microsoft Windows 7 Professional","-","-","-","","","",""
"PC","AC-PC-003","ACC_NACHCHA","LENOVO","","","","In Use","Disposed","Feb/28/2017","Aug/21/2013","ACC","Main Office","Ms.Nachcha","","","221","","","","","","","","Aug/18/2012 11:18:11","Aug/17/2013 15:21:25","3574N5T","S1EFW79","Intel(R) Core(TM) i5-2400S CPU @ 2.50GHz","6GB","465GB","405GB","192.168.101.149","255.255.255.0","f8:0f:41:56:47:60","ACC_NACHCHA.G-TEC.LOCAL","Microsoft Windows 7 Professional","-","-","-","","","",""
"PC","AC-PC-004","ACC_Naree","Hewlett-Packard","","","","In Use","Disposed","Feb/28/2017","Aug/21/2013","ACC","Main Office","Ms.Naree","","","216","","","","","","","","Aug/18/2012 11:15:47","Aug/17/2013 15:21:25","HP Compaq 6200 Pro MT PC","SGH116TNDG","Intel(R) Core(TM) i5-2400 CPU @ 3.10GHz","4GB","465GB","401GB","192.168.101.122","255.255.255.0","78:ac:c0:b9:bc:0b","ACC_Naree.G-TEC.LOCAL","Microsoft Windows XP Professional","-","-","-","","","",""
"PC","AC-PC-007","ACC_Nidtaya","LENOVO","","","","In Use","Disposed","Aug/05/2018","Aug/21/2013","ACC","Main Office","Ms.Nidtaya","","","","","","","","","","","Mar/06/2013 15:00:20","Aug/19/2013 13:44:17","3574N7T","S1FYV92","Intel(R) Core(TM) i5-3470S CPU @ 2.90GHz","6GB","465GB","426GB","192.168.101.156","255.255.255.0","f8:0f:41:6a:48:54","ACC_Nidtaya.G-TEC.LOCAL","Microsoft Windows 7 Professional","-","-","-","","","",""
"PC","AC-PC-005","ACC_SAMRAN","Hewlett-Packard","","","","In Use","Disposed","Feb/28/2017","Aug/21/2013","ACC","Main Office","Ms.samran","","","230","","","","","","","","Aug/18/2012 11:17:58","Aug/17/2013 15:21:28","HP Compaq 6200 Pro MT PC","SGH146Q33S","Intel(R) Core(TM) i5-2400 CPU @ 3.10GHz","4GB","465GB","386GB","192.168.101.111","255.255.255.0","2c:41:38:a8:19:0f","ACC_SAMRAN.G-TEC.LOCAL","Microsoft Windows 7 Professional","-","-","-","","","",""
"PC","AM-PC-002","ADMIN_JIRANAN","Hewlett-Packard","","","","In Use","Disposed","Feb/28/2017","Aug/19/2013","ADMIN","Main Office","Ms.jiranan","","","232","","","","","","","","Aug/18/2012 11:18:03","Aug/17/2013 15:21:25","HP Compaq 6200 Pro MT PC","SGH152T297","Intel(R) Core(TM) i5-2400 CPU @ 3.10GHz","4GB","465GB","340GB","192.168.101.131","255.255.255.0","08:2e:5f:05:aa:7a","ADMIN_JIRANAN.G-TEC.LOCAL","Microsoft Windows 7 Professional","-","-","-","","","",""
"PC","AM-PC-003","ADMIN_KANTANA","Hewlett-Packard","","","","In Use","Disposed","Feb/28/2017","Aug/21/2013","ADMIN","Main Office","Ms.Kantana","","","101","","","","","","","","Aug/18/2012 11:18:05","Aug/17/2013 15:21:25","HP Compaq 6200 Pro MT PC","SGH127RRPY","Intel(R) Core(TM) i5-2400 CPU @ 3.10GHz","4GB","465GB","410GB","192.168.101.143","255.255.255.0","3c:d9:2b:4d:4f:e5","ADMIN_KANTANA.G-TEC.LOCAL","Microsoft Windows 7 Professional","-","-","-","","","",""
"PC","AM-PC-006","ADMIN_NAPHATSAWAN","Hewlett-Packard","","","","In Use","Disposed","Aug/08/2018","Aug/21/2013","ADMIN","Main Office","ADMIN_Naphatsawan","","","101","","","","","","","","May/15/2013 15:36:35","Aug/17/2013 16:19:25","HP Compaq Pro 6300 MT","SGH311QQ9W","Intel(R) Core(TM) i5-3470 CPU @ 3.20GHz","4GB","931GB","844GB","192.168.101.147","255.255.255.0","6c:3b:e5:26:b7:94","ADMIN_NAPHATSAW.G-TEC.LOCAL","Microsoft Windows 7 Professional","-","-","-","","","",""
"PC","AM-PC-007","ADMIN_Nuchaporn","LENOVO","","","","In Use","Disposed","Aug/05/2018","Aug/21/2013","ADMIN","Main Office","Ms.chaporn","","","","","","","","","","","Jun/15/2013 14:03:12","Aug/21/2013 09:38:55","0041A3T","R8C5NGH","Intel(R) Core(TM) i3 CPU         550  @ 3.20GHz","2GB","465GB","378GB","192.168.101.57","255.255.255.0","c8:9c:dc:32:5d:b2","ADMIN_Nuchaporn.G-TEC.LOCAL","Microsoft Windows 7 Professional","-","-","-","","","",""
"PC","AM-PC-010","ADMIN_Punyanuch","Hewlett-Packard","","","","In Use","Disposed","Aug/05/2018","Aug/19/2013","ADMIN","Main Office","Ms.Punyanuch","","","","","","","","","","","Mar/14/2013 12:04:16","Aug/21/2013 09:39:38","HP Compaq Pro 6300 MT","SGH311QQB0","Intel(R) Core(TM) i5-3470 CPU @ 3.20GHz","4GB","931GB","846GB","192.168.101.56","255.255.255.0","6c:3b:e5:26:74:42","ADMIN_Punyanuch.G-TEC.LOCAL","Microsoft Windows 7 Professional","-","-","-","","","",""
"PC","AM-PC-008","ADMIN_RATTANAPO","Hewlett-Packard","","","","In Use","Disposed","Aug/05/2018","Aug/21/2013","ADMIN","Main Office","Mr.Rattapong","","","","","","","","","","","Jul/10/2013 19:31:35","Aug/21/2013 09:40:53","HP Compaq Pro 6300 MT","SGH322P1JP","Intel(R) Core(TM) i5-3470 CPU @ 3.20GHz","4GB","931GB","882GB","192.168.101.59","255.255.255.0","88:51:fb:5c:5a:2b","ADMIN_RATTANAPO.G-TEC.LOCAL","Microsoft Windows 7 Professional","-","-","-","","","",""
"PC","AM-PC-005","ADMIN_WANATSORN","Hewlett-Packard","","","","In Use","Disposed","Feb/28/2017","Aug/21/2013","ADMIN","Main Office","Ms.Wanatworn","","","231","","","","","","","","Aug/18/2012 11:18:01","Aug/17/2013 15:21:25","HP Compaq 6200 Pro MT PC","SGH119Q2NV","Intel(R) Core(TM) i5-2400 CPU @ 3.10GHz","4GB","465GB","373GB","192.168.101.145","255.255.255.0","78:ac:c0:b2:ee:1a","ADMIN_WANATSORN.G-TEC.LOCAL","Microsoft Windows 7 Professional","-","-","-","","","",""
"PC","AM-PC-001","AD_SUPANNIKA","Hewlett-Packard","","","","In Use","Disposed","Feb/28/2017","Aug/21/2013","ADMIN","Main Office","Ms.Supannika","","","231","","","","","","","","Aug/18/2012 11:18:00","Aug/17/2013 15:21:25","HP Compaq 6200 Pro MT PC","SGH146Q33K","Intel(R) Core(TM) i5-2400 CPU @ 3.10GHz","4GB","465GB","311GB","192.168.101.146","255.255.255.0","2c:41:38:a7:d7:0f","AD_SUPANNIKA.G-TEC.LOCAL","Microsoft Windows 7 Professional","-","-","-","","","",""
"PC","IT-PC-005","CCTV-PC","System manufacturer","","","","In Use","Disposed","Feb/28/2017","Aug/21/2013","IT","Main Office","Mr.Thirachai","","","391","","","","","","","","Aug/18/2012 11:15:32","Aug/17/2013 15:21:25","System Product Name","System Serial Number","Intel(R) Core(TM) i7-2600 CPU @ 3.40GHz","4GB","9.09TB","1.62TB","192.168.101.52","255.255.255.0","f8:d1:11:00:a6:fe","CCTV-PC","Microsoft Windows 7 Ultimate","-","-","-","","","",""
"PC","TC-PC-018","CatiaV5-02","Hewlett-Packard","","","","In Use","Disposed","Feb/28/2017","Aug/21/2013","TEC","TEC_Office","Mr.Komsak","","","252","","","","","","","","Aug/18/2012 11:18:07","Aug/17/2013 15:21:25","HP Z400 Workstation","SGH133RBYY","Intel(R) Xeon(R) CPU           W3565  @ 3.20GHz","8GB","164GB","37.1GB","192.168.104.63","255.255.255.0","3c:d9:2b:61:10:36","CatiaV5-02","Microsoft Windows 7 Professional","-","-","-","","","",""
"PC","TC-PC-019","CatiaV5-03","Dell Inc.","","","","In Use","Disposed","Feb/28/2017","Aug/21/2013","TEC","TEC_Office","Mr.Patiphan","","","561","","","","","","","","Aug/18/2012 11:48:03","Aug/17/2013 15:21:25","Precision WorkStation T3500","BCJ2D2S","Intel(R) Xeon(R) CPU           W3565  @ 3.20GHz","8GB","931GB","760GB","192.168.104.60","255.255.255.0","d4:ae:52:bb:4d:b2","CatiaV5-03","Microsoft Windows 7 Professional","-","-","-","","","",""
"PC","DC-PC-001","DCC_ARITSARA","Hewlett-Packard","","","","In Use","Disposed","Feb/28/2017","Aug/21/2013","DCC","DCC_Office","Ms.Aritara","","","550","","","","","","","","Aug/18/2012 11:18:04","Aug/17/2013 15:21:25","HP Compaq 6200 Pro MT PC","SGH146Q33Q","Intel(R) Core(TM) i5-2400 CPU @ 3.10GHz","4GB","465GB","351GB","192.168.103.148","255.255.255.0","2c:41:38:a7:d7:53","DCC_ARITSARA.G-TEC.LOCAL","Microsoft Windows 7 Professional","-","-","-","","","",""
"PC","DC-PC-002","DCC_BOONRUANG","Hewlett-Packard","","","","In Use","Disposed","Feb/28/2017","Aug/21/2013","DCC","DCC_Office","Ms.Boonruang","","","550","","","","","","","","Aug/18/2012 11:18:13","Aug/17/2013 15:21:25","HP Compaq 6200 Pro MT PC","SGH212RHVP","Intel(R) Core(TM) i5-2400 CPU @ 3.10GHz","4GB","465GB","390GB","192.168.103.147","255.255.255.0","08:2e:5f:31:74:a8","DCC_BOONRUANG.G-TEC.LOCAL","Microsoft Windows 7 Professional","-","-","-","","","",""
"PC","DC-NB-004","DCC_NB_Meeting","LENOVO","","","","In Use","Disposed","Feb/28/2017","Aug/14/2013","DCC","PD_Office","Ms.Aritara","","","550","","","","","","","","Aug/18/2012 11:18:05","Aug/17/2013 15:21:25","41785JT","R8P3NE3","Intel(R) Core(TM) i3-2310M CPU @ 2.10GHz","4GB","469GB","422GB","192.168.102.53","255.255.255.0","00:21:cc:5d:3d:08","DCC_NB_Meeting.G-TEC.LOCAL","Microsoft Windows 7 Professional","-","-","-","","","",""
"PC","DC-PC-003","DCC_Sunisa","Hewlett-Packard","","","","In Use","Disposed","Feb/28/2017","Aug/21/2013","DCC","DCC_Office","Ms.Praprai","","","550","","","","","","","","Aug/18/2012 11:48:03","Aug/17/2013 15:21:25","HP Compaq 6200 Pro MT PC","SGH207SS3B","Intel(R) Core(TM) i5-2400 CPU @ 3.10GHz","2GB","465GB","394GB","192.168.103.150","255.255.255.0","08:2e:5f:30:14:8c","DCC_Sunisa.G-TEC.LOCAL","Microsoft Windows 7 Professional","-","-","-","","","",""
"PC","DI-NB-001","DIE_Ishii","LENOVO","","","","In Use","Disposed","Feb/28/2017","Aug/21/2013","DIE","DIE-Office","Mr.Ishii","","","428","","","","","","","","Aug/18/2012 11:15:37","Aug/17/2013 15:21:25","41785JT","R8P3NC5","Intel(R) Core(TM) i3-2310M CPU @ 2.10GHz","4GB","465GB","437GB","192.168.104.101","255.255.255.0","00:21:cc:5c:a7:c3","DIE_Ishii","Microsoft Windows XP Professional","-","-","-","","","",""
"PC","DI-PC-004","DIE_JITAKORN","Hewlett-Packard","","","","In Use","Disposed","Feb/28/2017","Aug/21/2013","DIE","DIE-Office","Mr.Jitakorn","","","428","","","","","","","","Aug/18/2012 11:18:10","Aug/17/2013 15:21:25","HP Compaq 6200 Pro MT PC","SGH146Q33Z","Intel(R) Core(TM) i5-2400 CPU @ 3.10GHz","4GB","465GB","352GB","192.168.104.111","255.255.255.0","2c:41:38:a8:19:53","DIE_JITAKORN.G-TEC.LOCAL","Microsoft Windows 7 Professional","-","-","-","","","",""
"PC","DI-PC-019","DIE_Jantana","Hewlett-Packard","","","","In Use","Disposed","Aug/05/2018","Aug/21/2013","DIE","DIE-Office","Ms.Jantana","","","","","","","","","","","May/14/2013 12:11:53","Aug/21/2013 09:41:55","HP Compaq Pro 6300 MT","SGH311QQB1","Intel(R) Core(TM) i5-3470 CPU @ 3.20GHz","4GB","931GB","851GB","192.168.104.51","255.255.255.0","6c:3b:e5:2d:50:1c","DIE_Jantana.G-TEC.LOCAL","Microsoft Windows 7 Professional","-","-","-","","","",""
"PC","DI-PC-014","DIE_Jeerawan","Dell Inc.","","","","In Use","Disposed","Aug/05/2018","Aug/21/2013","DIE","DIE-Office","","","","","","","","","","","","May/17/2013 11:27:23","Aug/17/2013 15:21:25","Precision T3600","6KK8NW1","Intel(R) Xeon(R) CPU E5-1650 0 @ 3.20GHz","16GB","472GB","180GB","192.168.104.142","255.255.255.0","90:b1:1c:a3:e7:3b","DIE_Jeerawan.G-TEC.LOCAL","Microsoft Windows 7 Professional","-","-","-","","","",""
"PC","DI-PC-005","DIE_KARUN","Hewlett-Packard","","","","In Use","Disposed","Feb/28/2017","Aug/19/2013","DIE","DIE-Office","Mr.Karun","","","421","","","","","","","","Aug/22/2012 19:23:17","Aug/17/2013 15:21:25","HP Compaq 6200 Pro MT PC","SGH212RHVD","Intel(R) Core(TM) i5-2400 CPU @ 3.10GHz","4GB","465GB","414GB","192.168.104.141","255.255.255.0","e8:39:35:34:ac:05","DIE_Karun","Microsoft Windows 7 Professional","-","-","-","","","",""
"PC","DI-PC-006","DIE_KIATTISAK","Hewlett-Packard","","","","In Use","Disposed","Feb/28/2017","Aug/21/2013","DIE","DIE-Office","Mr.Kiattisak","","","423","","","","","","","","Aug/18/2012 11:18:08","Aug/17/2013 15:21:25","HP Compaq 6200 Pro MT PC","SGH212RHV2","Intel(R) Core(TM) i5-2400 CPU @ 3.10GHz","4GB","465GB","339GB","192.168.104.55","255.255.255.0","e8:39:35:34:ac:08","DIE_KIATTISAK.G-TEC.LOCAL","Microsoft Windows 7 Professional","-","-","-","","","",""
"PC","DI-PC-015","DIE_Peerayuth","Dell Inc.","","","","In Use","Disposed","Aug/05/2018","Aug/21/2013","DIE","DIE-Office","","","","","","","","","","","","May/14/2013 10:29:21","Aug/17/2013 15:21:25","Precision T3600","CKK8NW1","Intel(R) Xeon(R) CPU E5-1650 0 @ 3.20GHz","16GB","465GB","381GB","192.168.104.59","255.255.255.0","90:b1:1c:a3:e8:d5","DIE_Peerayuth.G-TEC.LOCAL","Microsoft Windows 7 Professional","-","-","-","","","",""
"PC","DI-PC-016","DIE_Sawas","Dell Inc.","","","","In Use","Disposed","Aug/05/2018","Aug/21/2013","DIE","DIE-Office","","","","","","","","","","","","May/27/2013 11:05:54","Aug/17/2013 15:21:25","Precision T3600","HKK8NW1","Intel(R) Xeon(R) CPU E5-1650 0 @ 3.20GHz","16GB","465GB","281GB","192.168.104.74","255.255.255.0","90:b1:1c:a3:e8:ef","DIE_Sawas.G-TEC.LOCAL","Microsoft Windows 7 Professional","-","-","-","","","",""
"PC","DI-PC-017","DIE_Singha","Dell Inc.","","","","In Use","Disposed","Aug/05/2018","Aug/21/2013","DIE","DIE-Office","","","","","","","","","","","","May/14/2013 10:43:40","Aug/17/2013 15:21:25","Precision T3600","8KK8NW1","Intel(R) Xeon(R) CPU E5-1650 0 @ 3.20GHz","16GB","465GB","369GB","192.168.104.78","255.255.255.0","90:b1:1c:a3:e7:43","DIE_Singha.G-TEC.LOCAL","Microsoft Windows 7 Professional","-","-","-","","","",""
"PC","DI-PC-007","DIE_Singha1","Dell Inc.","","","","In Use","Disposed","Feb/28/2012","Aug/21/2013","DIE","DIE-Office","Mr.Singha","","","422","","","","","","","","Aug/18/2012 16:12:27","Aug/17/2013 15:21:25","Precision WorkStation T5500","CG9M92S","Intel(R) Xeon(R) CPU           E5620  @ 2.40GHz","12GB","465GB","389GB","192.168.104.57","255.255.255.0","14:fe:b5:ed:c3:2f","DIE_Singha1","Microsoft Windows 7 Professional","-","-","-","","","",""
"PC","DI-PC-018","DIE_Sunchai","Dell Inc.","","","","In Use","Disposed","Aug/05/2018","Aug/21/2013","DIE","DIE-Office","","","","","","","","","","","","Jul/05/2013 15:10:15","Aug/17/2013 15:21:25","Precision T3600","3LK8NW1","Intel(R) Xeon(R) CPU E5-1650 0 @ 3.20GHz","16GB","465GB","322GB","192.168.104.54","255.255.255.0","90:b1:1c:a3:e8:a7","DIE_Sunchai.G-TEC.LOCAL","Microsoft Windows 7 Professional","-","-","-","","","",""
"PC","","DIE_TIPUMA.G-TEC.LOCAL","Hewlett-Packard","","","","In Use","","","Aug/21/2013","DIE","DIE-Office","","","","","","","","","","","","Aug/17/2013 16:33:24","Aug/21/2013 09:45:51","HP Compaq Pro 6300 MT","SGH311QQ9Y","Intel(R) Core(TM) i5-3470 CPU @ 3.20GHz","4GB","465GB","420GB","192.168.104.80","255.255.255.0","6c:3b:e5:26:74:52","DIE_TIPUMA.G-TEC.LOCAL","Microsoft Windows 7 Professional","-","-","-","","","",""
"PC","DI-PC-011","DIE_Wijitra","Hewlett-Packard","","","","In Use","Disposed","Feb/28/2017","Aug/21/2013","DIE","DIE-Office","Ms.Wijitra","","","430","","","","","","","","Aug/18/2012 11:19:06","Aug/17/2013 15:21:25","HP Compaq 6200 Pro MT PC","SGH212RHVF","Intel(R) Core(TM) i5-2400 CPU @ 3.10GHz","4GB","465GB","329GB","192.168.104.56","255.255.255.0","e8:39:35:34:ac:01","DIE_WIJITRA.G-TEC.LOCAL","Microsoft Windows 7 Professional","-","-","-","","","",""
"PC","","G-TEKT-Test","LENOVO","","","","In Use","","","Jun/18/2013","","","","","","","","","","","","","","Sep/06/2012 13:05:49","Sep/12/2012 16:11:26","7735E21","L3K3072","Intel(R) Core(TM)2 Duo CPU     T8100  @ 2.10GHz","4GB","1.01TB","723GB","192.168.102.117","255.255.255.0","00:1e:37:d9:4f:47","G-TEKT_IT.G-TEC.LOCAL","Microsoft Windows 7 Professional","-","-","-","","","",""
"PC","GM-NB-006","HORIBATA","LENOVO","","","","In Use","Disposed","Feb/28/2017","Aug/21/2013","PD","PD_Office","Mr.Horibata","","","","","","","","","","","Aug/18/2012 12:04:55","Aug/17/2013 15:21:25","4180J35","PBFWZZ4","Intel(R) Core(TM) i5-2520M CPU @ 2.50GHz","4GB","465GB","395GB","192.168.102.101","255.255.255.0","00:21:cc:72:d4:19","HORIBATA.G-TEC.LOCAL","Microsoft Windows 7 Professional","-","-","-","","","",""
"PC","IT-NB-001","IT_MOD-NB","LENOVO","","","","In Use","Disposed","Feb/28/2012","Jul/23/2013","PD","PD_Office","Mr.Trirachai","","","155","","","","","","","","Aug/18/2012 11:17:14","Aug/17/2013 15:21:25","4180JH1","PBMGNY7","Intel(R) Core(TM) i7-2640M CPU @ 2.80GHz","8GB","465GB","148GB","192.168.30.1","255.255.255.0","00:21:cc:c2:68:95","IT_MOD-NB.G-TEC.LOCAL","Microsoft Windows 7 Professional","-","-","-","","","",""
"PC","IT-NB-003","IT_Preecha","LENOVO","","","","In Use","Disposed","Jan/01/2017","Aug/21/2013","IT","PD_Office","Mr.Preecha","","it.preecha@g-tec.co.th","391","","","","","","","","Sep/17/2012 09:40:46","Aug/17/2013 15:21:25","4180P53","R8CZ1D5","Intel(R) Core(TM) i5-2430M CPU @ 2.40GHz","8GB","2.27TB","1.67TB","192.168.102.223","255.255.255.0","00:21:cc:68:c2:2d","IT_TO-NB.G-TEC.LOCAL","Microsoft Windows 7 Professional","-","-","-","","","",""
"PC","GM-NB-003","KAWAI","LENOVO","","","","In Use","Disposed","Feb/28/2017","Aug/21/2013","GM","Main Office","Mr.Nakahara","","","","","","","","","","","Aug/18/2012 11:18:11","Aug/17/2013 15:21:25","4180J35","PBHAEC4","Intel(R) Core(TM) i5-2520M CPU @ 2.50GHz","4GB","931GB","749GB","192.168.101.102","255.255.255.0","00:21:cc:c0:50:06","KAWAI.G-TEC.LOCAL","Microsoft Windows 7 Professional","-","-","-","","","",""
"PC","GM-NB-001","MIYANO","LENOVO","","","","In Use","Disposed","Sep/20/2017","Aug/21/2013","GM","Main Office","","","","","","","","","","","","Sep/20/2012 10:12:31","Aug/17/2013 15:21:25","3574N4T","S1EVG96","Intel(R) Core(TM) i5-3470S CPU @ 2.90GHz","4GB","931GB","877GB","192.168.101.101","255.255.255.0","f8:0f:41:5d:a8:2f","MIYANO.G-TEC.LOCAL","Microsoft Windows 7 Professional","-","-","-","","","",""
"PC","MM-NB-001","MM_Anan","LENOVO","","","","In Use","Disposed","Feb/28/2017","Aug/21/2013","MM","Store_MM","Mr.Anan","","","191","","","","","","","","Aug/18/2012 11:47:55","Aug/17/2013 15:21:25","4180J37","PBDGBH1","Intel(R) Core(TM) i3-2370M CPU @ 2.40GHz","4GB","465GB","357GB","192.168.103.141","255.255.0.0","00:21:cc:be:0c:6c","MM_Anan","Microsoft Windows 7 Professional","-","-","-","","","",""
"PC","MM-PC-002","MM_NATEE","Hewlett-Packard","","","","In Use","Disposed","Feb/28/2017","Aug/21/2013","MM","Stor_MM","Mr.Natee","","","191","","","","","","","","Aug/18/2012 11:17:54","Aug/17/2013 15:21:25","HP Compaq 6200 Pro MT PC","SGH146Q34C","Intel(R) Core(TM) i5-2400 CPU @ 3.10GHz","4GB","465GB","276GB","192.168.103.70","255.255.255.0","2c:41:38:a7:d7:17","MM_NATEE.G-TEC.LOCAL","Microsoft Windows 7 Professional","-","-","-","","","",""
"PC","MM-NB-003","MM_Nikom","LENOVO","","","","In Use","Disposed","Feb/28/2017","Aug/21/2013","MM","PD_Office","Mr.Nikom","","","191","","","","","","","","Aug/18/2012 11:17:19","Aug/17/2013 15:21:25","25188DT","R8Y210R","Intel(R) Core(TM) i3 CPU       M 380  @ 2.53GHz","2GB","298GB","137GB","192.168.102.132","255.255.255.0","f0:de:f1:32:f2:f6","MM_Nikom.G-TEC.LOCAL","Microsoft Windows XP Professional","-","-","-","","","",""
"PC","MM-PC-005","MM_Paphanin","Hewlett-Packard","","","","In Use","Disposed","Feb/28/2017","Aug/21/2013","MM","PD_Office","Ms.Paphanin","","","391","","","","","","","","Aug/18/2012 11:17:56","Aug/17/2013 15:21:28","HP Compaq 6200 Pro MT PC","SGH212RHV4","Intel(R) Core(TM) i5-2400 CPU @ 3.10GHz","2GB","495GB","434GB","192.168.102.58","255.255.255.0","e8:39:35:3a:25:d3","MM_PAPHANIN.G-TEC.LOCAL","Microsoft Windows 7 Professional","-","-","-","","","",""
"PC","MM-NB-006","MM_Somsak","LENOVO","","","","In Use","Disposed","Feb/28/2017","Aug/21/2013","MM","Store_MM","Mr.Somsak","","","191","","","","","","","","Aug/18/2012 15:24:12","Aug/17/2013 15:21:25","7443RP1","R80E1T3","Intel(R) Core(TM)2 Duo CPU     P8700  @ 2.53GHz","2GB","298GB","197GB","192.168.103.54","255.255.0.0","00:27:13:b6:3b:6b","MM_Somsak","Microsoft Windows 7 Professional","-","-","-","","","",""
"PC","MM-NB-007","MM_Thanayuth_compaq","Hewlett-Packard","","","","In Use","Disposed","Feb/28/2017","Jul/18/2013","MM","Store_MM","Mr.Thanayuth","","","191","","","","","","","","Aug/18/2012 11:15:53","Aug/17/2013 15:21:25","Presario 2100 (DN641A)","CNF3391ZRS","Mobile Intel(R) Pentium(R) 4 - M CPU 2.40GHz","512MB","130GB","92GB","192.168.103.55","255.255.255.0","00:0b:cd:54:18:8e","MM_Thanayuth_compaq","Microsoft Windows XP Professional","-","-","-","","","",""
"PC","MM-NB-008","MM_Tossapol1","LENOVO","","","","In Use","Disposed","Feb/28/2017","Aug/21/2013","MM","Store_MM","Mr.Tossapol","","","191","","","","","","","","Aug/22/2012 10:42:38","Aug/17/2013 15:21:25","4180NL9","R8PP8RV","Intel(R) Core(TM) i3-2350M CPU @ 2.30GHz","4GB","465GB","227GB","192.168.103.51","255.255.0.0","00:21:cc:70:9c:22","MM_Tossapol1","Microsoft Windows 7 Professional","-","-","-","","","",""
"PC","TC-NB-020","MORITA","LENOVO","","","","In Use","Disposed","Aug/05/2018","Aug/16/2013","TEC","TEC_Office","","","","","","","","","","","","Jan/16/2013 09:23:06","Aug/17/2013 15:21:25","2447CTO","R9W78RM","Intel(R) Core(TM) i7-3520M CPU @ 2.90GHz","8GB","465GB","383GB","192.168.104.106","255.255.255.0","3c:97:0e:61:53:5f","MORITA.G-TEC.LOCAL","Microsoft Windows 7 Professional","-","-","-","","","",""
"PC","PC-PC-029","PCD_ANUPHAN","Hewlett-Packard","","","","In Use","Disposed","Feb/28/2017","Aug/21/2013","PC","PC_Office","Mr.Anuphan","","","511","","","","","","","","Aug/18/2012 11:18:07","Aug/17/2013 15:21:25","HP Compaq 6200 Pro MT PC","SGH146Q34B","Intel(R) Core(TM) i5-2400 CPU @ 3.10GHz","4GB","465GB","336GB","192.168.106.144","255.255.255.0","2c:41:38:a7:d7:08","PCD_ANUPHAN.G-TEC.LOCAL","Microsoft Windows 7 Professional","-","-","-","","","",""
"PC","PC-PC-001","PC_AROON","Hewlett-Packard","","","","In Use","Disposed","Feb/28/2017","Aug/21/2013","PC","PC_Office","Ms.Aroon","","","405","","","","","","","","Aug/20/2012 07:54:06","Aug/17/2013 15:21:25","HP Compaq 6200 Pro MT PC","SGH123T4BW","Intel(R) Core(TM) i5-2400 CPU @ 3.10GHz","4GB","465GB","363GB","192.168.106.217","255.255.255.0","2c:27:d7:19:53:68","PC_AROON.G-TEC.LOCAL","Microsoft Windows 7 Professional","-","-","-","","","",""
"PC","PC-PC-030","PC_ATCHARAPORN","LENOVO","","","","In Use","Disposed","Nov/26/2017","Aug/21/2013","PD","PC_Office","","","","","","","","","","","","Nov/26/2012 11:44:37","Aug/17/2013 15:21:25","3574N7T","S1FKC34","Intel(R) Core(TM) i5-3470S CPU @ 2.90GHz","6GB","465GB","398GB","192.168.106.51","255.255.255.0","f8:0f:41:63:bd:91","PC_ATCHARAPORN.G-TEC.LOCAL","Microsoft Windows 7 Professional","-","-","-","","","",""
"PC","PC-PC-002","PC_BCAR","Hewlett-Packard","","","","In Use","Disposed","Feb/28/2017","Aug/16/2013","PC","PC_Office","Mr.Sanya","","","455","","","","","","","","Aug/18/2012 11:17:59","Aug/17/2013 15:21:25","HP Compaq 6200 Pro MT PC","SGH212RHVN","Intel(R) Core(TM) i5-2400 CPU @ 3.10GHz","4GB","465GB","-","192.168.106.214","255.255.255.0","e8:39:35:34:ac:06","PC_BCAR.G-TEC.LOCAL","Microsoft Windows 7 Professional","-","-","-","","","",""
"PC","PC-PC-003","PC_BUAKAEW","Hewlett-Packard","","","","In Use","Disposed","Feb/28/2017","Aug/21/2013","PC","PD_Office","Ms.Buakaew","","","","","","","","","","","Aug/18/2012 11:18:00","Aug/17/2013 15:21:25","HP Compaq 6200 Pro MT PC","SGH146Q343","Intel(R) Core(TM) i5-2400 CPU @ 3.10GHz","4GB","467GB","361GB","192.168.102.147","255.255.255.0","2c:41:38:a7:d7:50","PC_BUAKAEW.G-TEC.LOCAL","Microsoft Windows 7 Professional","-","-","-","","","",""
"PC","PC-NB-004","PC_CHAINET","LENOVO","","","","In Use","Disposed","Feb/28/2017","Aug/21/2013","PC","PC_Office","Mr.Chainet","","","402","","","","","","","","Aug/18/2012 11:17:04","Aug/17/2013 15:21:25","7567H8T","S1DAW54","Intel(R) Core(TM) i5-2400S CPU @ 2.50GHz","4GB","465GB","357GB","192.168.106.142","255.255.255.0","f8:0f:41:46:88:b3","PC_CHAINET.G-TEC.LOCAL","Microsoft Windows 7 Professional","-","-","-","","","",""
"PC","PC-PC-005","PC_EKKACHAI","Hewlett-Packard","","","","In Use","Disposed","Feb/28/2017","Aug/21/2013","PC","PC_Office","Mr.Ekkachai","","","","","","","","","","","Aug/18/2012 11:18:10","Aug/17/2013 15:21:25","HP Compaq 6200 Pro MT PC","SGH123T4BL","Intel(R) Core(TM) i5-2400 CPU @ 3.10GHz","4GB","465GB","399GB","192.168.106.215","255.255.255.0","2c:27:d7:1a:1c:fe","PC_EKKACHAI.G-TEC.LOCAL","Microsoft Windows 7 Professional","-","-","-","","","",""
"PC","PC-PC-015","PC_KIATTISAK","LENOVO","","","","In Use","Disposed","Aug/05/2018","Aug/21/2013","PC","PC_Office","","","","","","","","","","","","Aug/25/2012 15:12:25","Aug/17/2013 15:21:25","3574N5T","S1EFW16","Intel(R) Core(TM) i5-2400S CPU @ 2.50GHz","2GB","465GB","371GB","192.168.106.150","255.255.255.0","f8:0f:41:56:47:91","PC_KIATTISAK.G-TEC.LOCAL","Microsoft Windows 7 Professional","-","-","-","","","",""
"PC","PC-PC-009","PC_KULLANUT","Hewlett-Packard","","","","In Use","Disposed","Feb/28/2017","Aug/21/2013","PC","PC_Office","Ms.Kullanut","","","515","","","","","","","","Aug/18/2012 11:18:11","Aug/17/2013 15:21:28","HP Compaq 6200 Pro MT PC","SGH212RHVC","Intel(R) Core(TM) i5-2400 CPU @ 3.10GHz","4GB","465GB","391GB","192.168.106.143","255.255.255.0","08:2e:5f:31:74:ad","PC_KULLANUT.G-TEC.LOCAL","Microsoft Windows 7 Professional","-","-","-","","","",""
"PC","PC-PC-007","PC_Kiattisak","LENOVO","","","","In Use","Disposed","Feb/28/2017","Aug/21/2013","PC","PC_Office","Mr.Kiattisak","","","404","","","","","","","","Aug/18/2012 11:16:08","Aug/17/2013 11:59:59","3574N5T","S1EFW16","Intel(R) Core(TM) i5-2400S CPU @ 2.50GHz","512MB","447GB","341GB","192.168.99.119","255.255.255.0","f8:0f:41:56:47:91","PC_Kiattisak","Microsoft Windows 7 Professional","-","-","-","","","",""
"PC","PC-PC-010","PC_MAYAREE","Hewlett-Packard","","","","In Use","Disposed","Feb/28/2017","Aug/21/2013","PC","PC_Office","Ms.Mayuree","","","515","","","","","","","","Aug/18/2012 11:17:09","Aug/17/2013 15:21:25","HP Compaq 6200 Pro MT PC","SGH123T4BK","Intel(R) Core(TM) i5-2400 CPU @ 3.10GHz","4GB","465GB","404GB","192.168.106.145","255.255.255.0","2c:27:d7:1e:04:9c","PC_Mayuree","Microsoft Windows 7 Professional","-","-","-","","","",""
"PC","PC-PC-011","PC_Naree","Hewlett-Packard","","","","In Use","Disposed","Feb/28/2017","Aug/21/2013","PC","PC_Office","Ms.Naree","","","403","","","","","","","","Aug/18/2012 11:17:14","Aug/17/2013 15:21:25","HP Compaq 6200 Pro MT PC","SGH116TND4","Intel(R) Core(TM) i5-2400 CPU @ 3.10GHz","4GB","465GB","420GB","192.168.106.149","255.255.255.0","78:ac:c0:b9:be:54","PC_Naree.G-TEC.LOCAL","Microsoft Windows XP Professional","-","-","-","","","",""
"PC","PC-PC-012","PC_Nipon","Hewlett-Packard","","","","In Use","Disposed","Feb/28/2017","Aug/21/2013","PC","PC_Office","Mr.Nipon","","","404","","","","","","","","Aug/18/2012 11:16:08","Aug/17/2013 15:21:25","HP Compaq 6200 Pro MT PC","SGH116TNDF","Intel(R) Core(TM) i5-2400 CPU @ 3.10GHz","4GB","465GB","380GB","192.168.106.212","255.255.255.0","78:ac:c0:b9:bc:32","PC_Nipon.G-TEC.LOCAL","Microsoft Windows XP Professional","-","-","-","","","",""
"PC","PC-NB-013","PC_PANUMART","LENOVO","","","","In Use","Disposed","Feb/28/2017","Aug/21/2013","PC","PD_Office","Mr.Panumart","","","","","","","","","","","Aug/18/2012 11:18:00","Aug/17/2013 15:21:25","4180NL9","PBE8676","Intel(R) Core(TM) i3-2350M CPU @ 2.30GHz","4GB","465GB","348GB","192.168.106.134","255.255.255.0","00:21:cc:b7:36:fa","PC_PANUMART.G-TEC.LOCAL","Microsoft Windows 7 Professional","-","-","-","","","",""
"PC","PC-PC-014","PC_PEE","Hewlett-Packard","","","","In Use","Disposed","Feb/28/2017","Aug/21/2013","PC","PD_Office","Ms.Sopee","","","","","","","","","","","Aug/18/2012 11:18:03","Aug/17/2013 15:21:25","HP Compaq 6200 Pro MT PC","SGH212RHVK","Intel(R) Core(TM) i5-2400 CPU @ 3.10GHz","4GB","465GB","410GB","192.168.106.153","255.255.255.0","08:2e:5f:31:74:84","PC_PEE.G-TEC.LOCAL","Microsoft Windows 7 Professional","-","-","-","","","",""
"PC","PC-NB-015","PC_PRACHERN","LENOVO","","","","In Use","Disposed","Feb/28/2017","Aug/21/2013","PC","PC_Office","Mr.Prachern","","","402","","","","","","","","Aug/20/2012 15:15:41","Aug/17/2013 15:21:25","4180NL9","PBE8653","Intel(R) Core(TM) i3-2350M CPU @ 2.30GHz","4GB","466GB","397GB","192.168.106.132","255.255.255.0","00:21:cc:b7:f1:f8","PC_PRACHERN.G-TEC.LOCAL","Microsoft Windows 7 Professional","-","-","-","","","",""
"PC","PC-PC-031","PC_PRESENT","Hewlett-Packard","","","","In Use","Disposed","Nov/23/2018","Aug/21/2013","PC","PC_Office","","","","","Windows 7","Office 2010","","","","","","Aug/24/2012 10:22:52","Aug/17/2013 15:21:25","HP Compaq 6200 Pro MT PC","SGH228SGGV","Intel(R) Core(TM) i5-2400 CPU @ 3.10GHz","4GB","465GB","423GB","192.168.106.53","255.255.255.0","ac:16:2d:0e:c8:04","PC_PRESENT.G-TEC.LOCAL","Microsoft Windows 7 Professional","-","-","-","","","",""
"PC","PC-PC-017","PC_RATTANA","Hewlett-Packard","","","","In Use","Disposed","Feb/28/2017","Aug/21/2013","PC","PC_Office","Ms.Rattana","","","","","","","","","","","Aug/18/2012 11:18:04","Aug/17/2013 15:21:25","HP Compaq 6200 Pro MT PC","SGH127RRPJ","Intel(R) Core(TM) i5-2400 CPU @ 3.10GHz","4GB","465GB","410GB","192.168.106.146","255.255.255.0","3c:d9:2b:4c:11:b3","PC_RATTANA.G-TEC.LOCAL","Microsoft Windows 7 Professional","-","-","-","","","",""
"PC","PC-NB-019","PC_RUNGNIRUN","LENOVO","","","","In Use","Disposed","Feb/28/2017","Aug/21/2013","PC","PC_Office","Mr.Rungnirun","","","555","","","","","","","","Aug/18/2012 11:18:05","Aug/17/2013 15:21:25","4180NL9","PBE8602","Intel(R) Core(TM) i3-2350M CPU @ 2.30GHz","4GB","465GB","345GB","192.168.106.131","255.255.255.0","00:21:cc:b7:99:eb","PC_RUNGNIRUN.G-TEC.LOCAL","Microsoft Windows 7 Professional","-","-","-","","","",""
"PC","PC-PC-013","PC_Ruethairat","Hewlett-Packard","","","","In Use","Disposed","Aug/05/2018","Aug/21/2013","PC","PC_Office","","","","","","","","","","","","May/18/2013 08:33:27","Aug/17/2013 16:44:32","HP Compaq Pro 6300 MT","SGH311QQB3","Intel(R) Core(TM) i5-3470 CPU @ 3.20GHz","4GB","931GB","736GB","192.168.106.151","255.255.255.0","6c:3b:e5:26:b7:99","PC_Ruethairat.G-TEC.LOCAL","Microsoft Windows 7 Professional","-","-","-","","","",""
"PC","PC-PC-020","PC_SAKSUPROM","Hewlett-Packard","","","","In Use","Disposed","Feb/28/2017","Aug/21/2013","PC","PC_Office","Mr.Saksuprom","","","547","","","","","","","","Aug/18/2012 11:17:34","Aug/17/2013 15:21:25","HP Compaq 6200 Pro MT PC","SGH152T299","Intel(R) Core(TM) i5-2400 CPU @ 3.10GHz","4GB","465GB","373GB","192.168.106.147","255.255.255.0","08:2e:5f:07:60:f2","PC_SAKSUPROM.G-TEC.LOCAL","Microsoft Windows 7 Professional","-","-","-","","","",""
"PC","PC-PC-021","PC_SANGNAPA","Hewlett-Packard","","","","In Use","Disposed","Feb/28/2017","Aug/21/2013","PC","PC_Office","Ms.Sangnapa","","","403","","","","","","","","Aug/18/2012 11:18:03","Aug/17/2013 15:21:25","HP Compaq 6000 Pro MT PC","SGH051PH3D","Intel(R) Core(TM)2 Duo CPU     E8400  @ 3.00GHz","2GB","465GB","372GB","192.168.106.211","255.255.255.0","00:23:24:1f:d0:9d","PC_SANGNAPA.G-TEC.LOCAL","Microsoft Windows 7 Professional","-","-","-","","","",""
"PC","PC-PC-022","PC_SIRIRAT","Hewlett-Packard","","","","In Use","Disposed","Feb/28/2017","Aug/21/2013","PC","PC_Office","Ms.Sirirat","","","","","","","","","","","Aug/18/2012 11:18:07","Aug/17/2013 15:21:25","HP Compaq 6200 Pro MT PC","SGH123T4C0","Intel(R) Core(TM) i5-2400 CPU @ 3.10GHz","4GB","465GB","420GB","192.168.106.216","255.255.255.0","2c:27:d7:19:53:1c","PC_SIRIRAT.G-TEC.LOCAL","Microsoft Windows 7 Professional","-","-","-","","","",""
"PC","PC-PC-023","PC_SUKRITA","Hewlett-Packard","","","","In Use","Disposed","Feb/28/2017","Aug/21/2013","PC","PD_Office","Ms.Sukrita","","","","","","","","","","","Aug/18/2012 11:18:13","Aug/17/2013 15:21:28","HP Compaq 6200 Pro MT PC","SGH212RHVG","Intel(R) Core(TM) i5-2400 CPU @ 3.10GHz","4GB","465GB","398GB","192.168.106.152","255.255.255.0","e8:39:35:37:19:00","PC_SUKRITA.G-TEC.LOCAL","Microsoft Windows 7 Professional","-","-","-","","","",""
"PC","PC-NB-024","PC_SURADECH","LENOVO","","","","In Use","Disposed","Feb/28/2017","Aug/21/2013","PC","PD_Office","Mr.Suradech","","","412","","","","","","","","Aug/18/2012 12:05:09","Aug/17/2013 15:21:28","4180J37","PBDGBH2","Intel(R) Core(TM) i3-2370M CPU @ 2.40GHz","4GB","465GB","340GB","192.168.106.133","255.255.255.0","00:21:cc:be:09:27","PC_SURADECH.G-TEC.LOCAL","Microsoft Windows 7 Professional","-","-","-","","","",""
"PC","PC-PC-025","PC_TANAKORN","Hewlett-Packard","","","","In Use","Disposed","Feb/28/2017","Aug/21/2013","PC","PC_Office","Mr.Tanakorn","","","","","","","","","","","Aug/18/2012 11:18:13","Aug/17/2013 15:21:25","HP Compaq 6200 Pro MT PC","SGH212RHV1","Intel(R) Core(TM) i5-2400 CPU @ 3.10GHz","4GB","465GB","339GB","192.168.105.61","255.255.255.0","e8:39:35:37:18:ff","PC_TANAKORN.G-TEC.LOCAL","Microsoft Windows 7 Professional","-","-","-","","","",""
"PC","PC-PC-027","PC_Terawat","Hewlett-Packard","","","","In Use","Disposed","Feb/28/2017","Aug/21/2013","PC","PC_Office","Mr.Terawat","","","511","","","","","","","","Aug/18/2012 11:18:05","Aug/17/2013 15:21:25","HP Compaq 6000 Pro MT PC","SGH051PH2Z","Intel(R) Core(TM)2 Duo CPU     E8400  @ 3.00GHz","2GB","465GB","255GB","192.168.106.121","255.255.255.0","00:23:24:1f:cf:e2","PC_Terawat","Microsoft Windows 7 Professional","-","-","-","","","",""
"PC","PC-PC-024","PC_Toyota","Hewlett-Packard","","","","In Use","Disposed","Aug/05/2018","Aug/21/2013","PC","PC_Office","","","","","","","","","","","","May/14/2013 12:59:09","Aug/17/2013 15:21:25","HP Compaq Pro 6300 MT","SGH311QQB5","Intel(R) Core(TM) i5-3470 CPU @ 3.20GHz","4GB","931GB","467GB","192.168.106.59","255.255.255.0","6c:3b:e5:26:74:53","PC_Toyota.G-TEC.LOCAL","Microsoft Windows 7 Professional","-","-","-","","","",""
"PC","PC-PC-028","PC_WORRAPON","Hewlett-Packard","","","","In Use","Disposed","Feb/28/2017","Aug/21/2013","PC","PD_Office","Ms.Worrapon","","","","","","","","","","","Aug/18/2012 11:18:13","Aug/17/2013 15:21:25","HP Compaq 6200 Pro MT PC","SGH123T4BG","Intel(R) Core(TM) i5-2400 CPU @ 3.10GHz","4GB","465GB","401GB","192.168.106.56","255.255.255.0","2c:27:d7:1e:04:87","PC_WORRAPON.G-TEC.LOCAL","Microsoft Windows 7 Professional","-","-","-","","","",""
"PC","PD-PC-001","PD_PRIMAPHA","Hewlett-Packard","","","","In Use","Disposed","Feb/28/2017","Aug/21/2013","PD","PD_Office","Ms.Primapha","","","412","","","","","","","","Aug/18/2012 11:17:56","Aug/17/2013 15:21:25","HP Compaq 6200 Pro MT PC","SGH127RRP8","Intel(R) Core(TM) i5-2400 CPU @ 3.10GHz","4GB","465GB","406GB","192.168.102.154","255.255.255.0","2c:27:d7:42:ed:6d","PD_PRIMAPHA.G-TEC.LOCAL","Microsoft Windows 7 Professional","-","-","-","","","",""
"PC","WD-PC-016","PLAN_WELDING_NE","Hewlett-Packard","","","","In Use","Disposed","Feb/28/2017","Aug/21/2013","WD","PD_Office","Ms.Yardaroon","","","340","","","","","","","","Aug/18/2012 11:18:51","Aug/17/2013 15:21:28","HP Compaq 6200 Pro MT PC","SGH212RHTZ","Intel(R) Core(TM) i5-2400 CPU @ 3.10GHz","4GB","465GB","397GB","192.168.102.145","255.255.255.0","e8:39:35:37:18:ca","PLAN_WELDING_NE.G-TEC.LOCAL","Microsoft Windows 7 Professional","-","-","-","","","",""
"PC","PR-PC-002","PRESS_EUANGFAR","Hewlett-Packard","","","","In Use","Disposed","Feb/28/2017","Aug/21/2013","Press","PD_Office","Ms.Euangfar","","","340","","","","","","","","Aug/18/2012 11:18:11","Aug/17/2013 15:21:28","HP Compaq 6200 Pro MT PC","SGH212RHV0","Intel(R) Core(TM) i5-2400 CPU @ 3.10GHz","4GB","465GB","402GB","192.168.102.62","255.255.255.0","e8:39:35:34:ac:02","PRESS_EUANGFAR.G-TEC.LOCAL","Microsoft Windows 7 Professional","-","-","-","","","",""
"PC","PR-PC-001","PRESS_NARIN","Hewlett-Packard","","","","In Use","Disposed","Feb/28/2017","Aug/21/2013","Press","PD_Office","Mr.Adul","","","332","","","","","","","","Aug/18/2012 11:18:21","Aug/17/2013 15:21:25","HP Compaq 6200 Pro MT PC","SGH119Q2NL","Intel(R) Core(TM) i5-2400 CPU @ 3.10GHz","4GB","465GB","384GB","192.168.102.60","255.255.255.0","78:ac:c0:b9:6a:27","PRESS_NARIN.G-TEC.LOCAL","Microsoft Windows 7 Professional","-","-","-","","","",""
"PC","PR-PC-005","PRESS_SURACHAIP","Hewlett-Packard","","","","In Use","Disposed","Feb/28/2017","Aug/21/2013","Press","PD_Office","Mr.Surachai","","","332","","","","","","","","Aug/18/2012 11:17:59","Aug/17/2013 15:21:28","HP Compaq 6200 Pro MT PC","SGH152T296","Intel(R) Core(TM) i5-2400 CPU @ 3.10GHz","4GB","465GB","217GB","192.168.102.153","255.255.255.0","08:2e:5f:07:60:4a","PRESS_SURACHAIP.G-TEC.LOCAL","Microsoft Windows 7 Professional","-","-","-","","","",""
"PC","PR-PC-006","PRESS_THRAKARN","LENOVO","","","","In Use","Disposed","Feb/28/2017","Aug/21/2013","Press","PD_Office","Mr.Thrakarn","","","332","","","","","","","","Aug/18/2012 11:18:11","Aug/17/2013 15:21:28","7567H8T","S1DAW49","Intel(R) Core(TM) i5-2400S CPU @ 2.50GHz","4GB","465GB","388GB","192.168.102.51","255.255.255.0","f8:0f:41:46:88:d2","PRESS_THRAKARN.G-TEC.LOCAL","Microsoft Windows 7 Professional","-","-","-","","","",""
"PC","PR-PC-007","PRESS_WILAIWAN","Hewlett-Packard","","","","In Use","Disposed","Feb/28/2017","Aug/20/2013","Press","PD_Office","Mr.Wilaiwan","","","340","","","","","","","","Aug/18/2012 11:17:59","Aug/17/2013 15:21:25","HP Compaq 6200 Pro MT PC","SGH119Q2NZ","Intel(R) Core(TM) i5-2400 CPU @ 3.10GHz","4GB","465GB","353GB","192.168.102.63","255.255.255.0","78:ac:c0:b9:69:fd","PRESS_WILAIWAN.G-TEC.LOCAL","Microsoft Windows 7 Professional","-","-","-","","","",""
"PC","","PURCHASE_ANCHALEE.G-TEC.LOCAL","Hewlett-Packard","","","","In Use","","","Aug/21/2013","Purchase","Main Office","Mr.Anchalee","","purchase5@g-tec.co.th","305","","","","","","","","Aug/17/2013 17:02:44","Aug/21/2013 09:47:30","HP Compaq Pro 6300 MT","SGH307SN9K","Intel(R) Core(TM) i5-3470 CPU @ 3.20GHz","4GB","931GB","893GB","192.168.101.158","255.255.255.0","6c:3b:e5:0f:31:b0","PURCHASE_ANCHALEE.G-TEC.LOCAL","Microsoft Windows 7 Professional","-","-","-","","","",""
"PC","PU-PC-009","PURCHASE_CHANTH","Hewlett-Packard","","","","In Use","Disposed","Aug/05/2018","Aug/21/2013","Purchase","Main Office","","","","","","","","","","","","Apr/20/2013 16:17:31","Aug/17/2013 15:21:25","HP Compaq Pro 6300 MT","SGH307SN9N","Intel(R) Core(TM) i5-3470 CPU @ 3.20GHz","4GB","931GB","897GB","192.168.101.157","255.255.255.0","6c:3b:e5:0d:6b:eb","PURCHASE_CHANTH.G-TEC.LOCAL","Microsoft Windows 7 Professional","-","-","-","","","",""
"PC","PU-PC-002","PURCHASE_KANCHA","Hewlett-Packard","","","","In Use","Disposed","Feb/28/2017","Aug/21/2013","Purchase","Main Office","Ms.Kanchana","","","211","","","","","","","","Aug/18/2012 11:18:09","Aug/17/2013 15:21:25","HP Compaq 6200 Pro MT PC","SGH146Q34F","Intel(R) Core(TM) i5-2400 CPU @ 3.10GHz","4GB","465GB","376GB","192.168.101.142","255.255.255.0","2c:41:38:a7:d7:02","PURCHASE_KANCHA.G-TEC.LOCAL","Microsoft Windows 7 Professional","-","-","-","","","",""
"PC","PU-PC-003","PURCHASE_NANTAN","Hewlett-Packard","","","","In Use","Disposed","Feb/28/2017","Aug/21/2013","Purchase","Main Office","Ms.Nantana","","","214","","","","","","","","Aug/18/2012 11:18:09","Aug/17/2013 15:21:25","HP Compaq 6200 Pro MT PC","SGH146Q33R","Intel(R) Core(TM) i5-2400 CPU @ 3.10GHz","4GB","465GB","267GB","192.168.101.123","255.255.255.0","2c:41:38:a8:19:41","PURCHASE_NANTAN.G-TEC.LOCAL","Microsoft Windows 7 Professional","-","-","-","","","",""
"PC","PU-PC-004","PURCHASE_WANIDA","Hewlett-Packard","","","","In Use","Disposed","Feb/28/2017","Aug/21/2013","Purchase","Main Office","Ms.Wanida","","","213","","","","","","","","Aug/18/2012 11:18:09","Aug/17/2013 15:21:25","HP Compaq 6200 Pro MT PC","SGH146Q33J","Intel(R) Core(TM) i5-2400 CPU @ 3.10GHz","4GB","465GB","356GB","192.168.101.152","255.255.255.0","2c:41:38:a7:d7:0b","PURCHASE_WANIDA.G-TEC.LOCAL","Microsoft Windows 7 Professional","-","-","-","","","",""
"PC","PU-PC-007","PUR_Suwan","Hewlett-Packard","","","","In Use","Disposed","Aug/05/2018","Aug/21/2013","Purchase","Main Office","","","","","","","","","","","","May/15/2013 14:08:34","Aug/17/2013 15:21:25","HP Compaq Pro 6300 MT","SGH311QQ9V","Intel(R) Core(TM) i5-3470 CPU @ 3.20GHz","4GB","931GB","855GB","192.168.101.151","255.255.255.0","6c:3b:e5:26:b7:93","PUR_Suwan.G-TEC.LOCAL","Microsoft Windows 7 Professional","-","-","-","","","",""
"PC","PR-PC-009","Press_Poonsub","Hewlett-Packard","","","","In Use","Disposed","Aug/05/2018","Aug/21/2013","Press","PD_Office","","","","","","","","","","","","May/15/2013 13:16:23","Aug/17/2013 15:21:28","HP Compaq Pro 6300 MT","SGH311QQ9X","Intel(R) Core(TM) i5-3470 CPU @ 3.20GHz","4GB","931GB","882GB","192.168.102.56","255.255.255.0","6c:3b:e5:2d:50:19","Press_Poonsub.G-TEC.LOCAL","Microsoft Windows 7 Professional","-","-","-","","","",""
"PC","PR-PC-008","Press_Surasak","Hewlett-Packard","","","","In Use","Disposed","Aug/05/2018","Aug/21/2013","Press","PD_Office","","","","","","","","","","","","Mar/07/2013 14:27:41","Aug/17/2013 15:21:28","HP Compaq Pro 6300 MT","SGH307SNC1","Intel(R) Core(TM) i5-3470 CPU @ 3.20GHz","4GB","931GB","653GB","192.168.102.65","255.255.255.0","6c:3b:e5:0f:31:9c","Press_Surasak.G-TEC.LOCAL","Microsoft Windows 7 Professional","-","-","-","","","",""
"PC","WD-PC-017","Printer_Epson","Hewlett-Packard","","","","In Use","Disposed","Jan/30/2011","Aug/21/2013","WD","PD_Office","Mr.Yardaroon","","","320","","","","","","","","Aug/30/2012 09:06:32","Aug/17/2013 15:21:28","HP Compaq dx6120 MT(PV074PA)","SGH5250C1R","Intel(R) Pentium(R) 4 CPU 3.00GHz","1GB","149GB","107GB","192.168.102.52","255.255.255.0","00:0f:fe:38:4b:cc","Printer_Epson","Microsoft Windows XP Professional","-","-","-","","","",""
"PC","QC-PC-016","QC555","P4i6G","","","","In Use","Disposed","Feb/28/2011","Aug/21/2013","QC","QC_Office","IT","","","438","","","","","","","","Aug/18/2012 11:16:54","Aug/17/2013 15:21:28","P4i65G","00000000","Intel(R) Pentium(R) 4 CPU 2.66GHz","-","74.5GB","40.1GB","192.168.103.61","255.255.255.0","00:13:8f:ec:1e:bf","QC555","Microsoft Windows XP Professional","-","-","-","","","",""
"PC","QC-PC-001","QC_AMPHOL","Hewlett-Packard","","","","In Use","Disposed","Feb/28/2017","Aug/21/2013","QC","QC_Office","Mr.Amphol","","","503","","","","","","","","Aug/18/2012 11:18:04","Aug/17/2013 15:21:28","HP Compaq 6200 Pro MT PC","SGH146Q340","Intel(R) Core(TM) i5-2400 CPU @ 3.10GHz","4GB","465GB","346GB","192.168.103.63","255.255.255.0","2c:41:38:a8:19:50","QC_AMPHOL.G-TEC.LOCAL","Microsoft Windows 7 Professional","-","-","-","","","",""
"PC","QC-NB-002","QC_CHAIWAT","LENOVO","","","","In Use","Disposed","Feb/28/2017","Aug/21/2013","QC","QC_Office","Mr.Chaiwat","","","500","","","","","","","","Aug/18/2012 11:15:47","Aug/17/2013 15:21:28","2518HAT","R86EF77","Intel(R) Core(TM) i3 CPU       M 330  @ 2.13GHz","2GB","465GB","16.3GB","192.168.103.131","255.255.255.0","f0:de:f1:01:04:7e","QC_Chaiwat.G-TEC.LOCAL","Microsoft Windows XP Professional","-","-","-","","","",""
"PC","QC-PC-003","QC_CHANCHAI","Hewlett-Packard","","","","In Use","Disposed","Feb/28/2017","Aug/21/2013","QC","QC_Office","Mr.Chanchai","","","","","","","","","","","Aug/20/2012 08:38:05","Aug/17/2013 15:21:28","HP Compaq 6200 Pro MT PC","SGH146Q34D","Intel(R) Core(TM) i5-2400 CPU @ 3.10GHz","4GB","465GB","286GB","192.168.103.145","255.255.255.0","2c:41:38:a7:d7:0a","QC_CHANCHAI.G-TEC.LOCAL","Microsoft Windows 7 Professional","-","-","-","","","",""
"PC","QC-PC-004","QC_CMM_Gumthon","Dell Inc.","","","","In Use","Disposed","Feb/28/2017","Aug/08/2013","QC","QC_Office","Mr.Gumthon","","","439","","","","","","","","Sep/06/2012 18:30:42","Aug/17/2013 15:21:28","Precision T1600","4DZ6D2S","Intel(R) Xeon(R) CPU E31225 @ 3.10GHz","4GB","465GB","357GB","192.168.103.56","255.255.255.0","5c:f9:dd:70:52:e9","QC_CMM_Gumthon","Microsoft Windows 7 Professional","-","-","-","","","",""
"PC","QC-PC-005","QC_GUMTHON","Hewlett-Packard","","","","In Use","Disposed","Feb/28/2017","Aug/21/2013","QC","QC_Office","Mr.Gumthon","","","439","","","","","","","","Aug/18/2012 11:18:09","Aug/17/2013 15:21:28","HP Compaq 6200 Pro MT PC","SGH212RHVJ","Intel(R) Core(TM) i5-2400 CPU @ 3.10GHz","4GB","465GB","359GB","192.168.103.144","255.255.255.0","e8:39:35:34:ab:db","QC_GUMTHON.G-TEC.LOCAL","Microsoft Windows 7 Professional","-","-","-","","","",""
"PC","QC-PC-006","QC_KANLAYA","Hewlett-Packard","","","","In Use","Disposed","Feb/28/2017","Aug/21/2013","QC","QC_Office","Ms.Kanlaya","","","438","","","","","","","","Aug/20/2012 07:54:05","Aug/17/2013 15:21:28","HP Compaq 6200 Pro MT PC","SGH146Q33Y","Intel(R) Core(TM) i5-2400 CPU @ 3.10GHz","4GB","465GB","287GB","192.168.103.149","255.255.255.0","2c:41:38:a7:d7:52","QC_KANLAYA.G-TEC.LOCAL","Microsoft Windows 7 Professional","-","-","-","","","",""
"PC","QC-PC-007","QC_MONGKHOL","Hewlett-Packard","","","","In Use","Disposed","Feb/28/2017","Aug/21/2013","QC","QC_Office","Mr.Mongkhol","","","439","","","","","","","","Aug/18/2012 11:18:09","Aug/17/2013 15:21:28","HP Compaq 6200 Pro MT PC","SGH152T27X","Intel(R) Core(TM) i5-2400 CPU @ 3.10GHz","4GB","465GB","345GB","192.168.103.146","255.255.255.0","08:2e:5f:08:5b:61","QC_MONGKHOL.G-TEC.LOCAL","Microsoft Windows 7 Professional","-","-","-","","","",""
"PC","QC-PC-008","QC_NANTIKARN","Hewlett-Packard","","","","In Use","Disposed","Feb/28/2017","Aug/21/2013","QC","QC_Office","Ms.Nantikarn","","","440","","","","","","","","Aug/18/2012 11:17:58","Aug/17/2013 15:21:28","HP Compaq 6200 Pro MT PC","SGH146Q34G","Intel(R) Core(TM) i5-2400 CPU @ 3.10GHz","4GB","465GB","253GB","192.168.103.59","255.255.255.0","2c:41:38:a8:19:08","QC_NANTIKARN.G-TEC.LOCAL","Microsoft Windows 7 Professional","-","-","-","","","",""
"PC","QC-PC-015","QC_Nithas","Hewlett-Packard","","","","In Use","Disposed","Feb/28/2017","Aug/21/2013","QC","QC_Office","Mr.Vichien","","","502","","","","","","","","Aug/20/2012 07:51:43","Aug/17/2013 15:21:28","HP Compaq 6200 Pro MT PC","SGH146Q345","Intel(R) Core(TM) i5-2400 CPU @ 3.10GHz","2GB","465GB","308GB","192.168.103.60","255.255.255.0","2c:41:38:a8:19:17","QC_Nithas.G-TEC.LOCAL","Microsoft Windows 7 Professional","-","-","-","","","",""
"PC","QC-PC-009","QC_PIYA","Hewlett-Packard","","","","In Use","Disposed","Feb/28/2017","Aug/21/2013","QC","QC_Office","Mr.Piya","","","438","","","","","","","","Aug/18/2012 11:18:05","Aug/17/2013 15:21:28","HP Compaq 6200 Pro MT PC","SGH212RHV5","Intel(R) Core(TM) i5-2400 CPU @ 3.10GHz","4GB","465GB","66.8GB","192.168.103.142","255.255.255.0","e8:39:35:37:18:f7","QC_PIYA.G-TEC.LOCAL","Microsoft Windows 7 Professional","-","-","-","","","",""
"PC","QC-PC-010","QC_SEAKSAN","Hewlett-Packard","","","","In Use","Disposed","Feb/28/2017","Aug/21/2013","QC","QC_Office","Mr.Seaksan","","","501","","","","","","","","Aug/18/2012 11:18:01","Aug/17/2013 15:21:28","HP Compaq 6200 Pro MT PC","SGH212RHV9","Intel(R) Core(TM) i5-2400 CPU @ 3.10GHz","4GB","465GB","331GB","192.168.103.143","255.255.255.0","08:2e:5f:31:74:a9","QC_SEAKSAN.G-TEC.LOCAL","Microsoft Windows 7 Professional","-","-","-","","","",""
"PC","QC-PC-011","QC_SIAM","Hewlett-Packard","","","","In Use","Disposed","Feb/28/2017","Aug/21/2013","QC","QC_Office","Mr.Siam","","","","","","","","","","","Aug/18/2012 11:18:51","Aug/17/2013 15:21:28","HP Compaq 6200 Pro MT PC","SGH212RHVL","Intel(R) Core(TM) i5-2400 CPU @ 3.10GHz","4GB","465GB","316GB","192.168.99.147","255.255.255.0","e8:39:35:37:19:05","QC_SIAM","Microsoft Windows 7 Professional","-","-","-","","","",""
"PC","QC-PC-012","QC_SURASAK","Hewlett-Packard","","","","In Use","Disposed","Feb/28/2017","Aug/21/2013","QC","QC_Office","Mr.Surasak","","","","","","","","","","","Aug/18/2012 11:45:44","Aug/17/2013 15:21:28","HP Compaq 6200 Pro MT PC","SGH152T27V","Intel(R) Core(TM) i5-2400 CPU @ 3.10GHz","2GB","465GB","127GB","192.168.103.65","255.255.255.0","08:2e:5f:08:5b:66","QC_SURASAK.G-TEC.LOCAL","Microsoft Windows 7 Professional","-","-","-","","","",""
"PC","QC-PC-014","QC_THAPPABUT","Hewlett-Packard","","","","In Use","Disposed","Feb/28/2017","Aug/21/2013","QC","QC_Office","Mr.Thappabut","","","440","","","","","","","","Aug/18/2012 11:18:06","Aug/17/2013 15:21:28","HP Compaq 6200 Pro MT PC","SGH146Q346","Intel(R) Core(TM) i5-2400 CPU @ 3.10GHz","4GB","465GB","70.6GB","192.168.103.62","255.255.255.0","2c:41:38:a8:19:19","QC_THAPPABUT.G-TEC.LOCAL","Microsoft Windows 7 Professional","-","-","-","","","",""
"PC","QC-PC-013","QC_Termpong1","Hewlett-Packard","","","","In Use","Disposed","Feb/28/2015","Aug/21/2013","QC","QC_Office","Mr.Termpong","","","502","","","","","","","","Aug/18/2012 11:16:49","Aug/17/2013 15:21:28","HP Compaq 6000 Pro MT PC","SGH042SKQG","Intel(R) Core(TM)2 Duo CPU     E7600  @ 3.06GHz","2GB","465GB","330GB","192.168.103.58","255.255.255.0","00:23:24:19:00:ce","QC_Termpong","Microsoft Windows 7 Professional","-","-","-","","","",""
"PC","PU-PC-005","Rujinaree","I65GV","","","","In Use","Disposed","Feb/28/2011","Jun/25/2013","Purchase","Main Office","Ms.Rodjana","","","215","","","","","","","","Aug/20/2012 13:54:53","Aug/17/2013 15:21:28","P4i65GV","00000000","Intel(R) Pentium(R) 4 CPU 3.20GHz","-","74.5GB","31.5GB","192.168.101.51","255.255.255.0","00:13:8f:0b:38:4a","Rujinaree","Microsoft Windows XP Professional","-","-","-","","","",""
"PC","ST-PC-002","SAFETY_KANLAYANEE","LENOVO","","","","In Use","Disposed","Aug/05/2018","Aug/21/2013","Safety","IT","","","","157","","","","","","","","Jan/11/2013 14:53:01","Aug/17/2013 15:21:28","3574N7T","S1FKC20","Intel(R) Core(TM) i5-3470S CPU @ 2.90GHz","6GB","763GB","665GB","192.168.102.137","255.255.255.0","f8:0f:41:63:bd:89","SAFETY2.G-TEC.LOCAL","Microsoft Windows 7 Professional","-","-","-","","","",""
"PC","SA-PC-002","SALES_Jittraporn","HP-Pavilion","","","","In Use","Disposed","Feb/28/2012","May/14/2013","Sales","Main Office","Ms.Jittraporn","","","","","","","","","","","Aug/20/2012 08:04:45","Aug/17/2013 12:00:01","GZ749AA-AB3 g3285l","CNX80512XP","Intel(R) Pentium(R) Dual  CPU  E2180  @ 2.00GHz","2GB","1.05TB","438GB","192.168.101.150","255.255.255.0","00:1e:90:88:2a:83","SALES_Waraporn.G-TEC.LOCAL","Microsoft Windows XP Professional","-","-","-","","","",""
"PC","SA-PC-003","SALES_KAJOHNSAR","LENOVO","","","","In Use","Disposed","Feb/28/2017","Aug/20/2013","Sales","Main Office","Mr.Kajohnsart","","","","","","","","","","","Aug/18/2012 11:18:13","Aug/17/2013 15:21:28","7567H8T","S1DAW65","Intel(R) Core(TM) i5-2400S CPU @ 2.50GHz","4GB","465GB","314GB","192.168.101.133","255.255.255.0","f8:0f:41:46:8b:9c","SALES_KAJOHNSAR.G-TEC.LOCAL","Microsoft Windows 7 Professional","-","-","-","","","",""
"PC","PU-PC-006","SALES_RODJANA","Hewlett-Packard","","","","In Use","Disposed","Feb/28/2017","Aug/21/2013","Purchase","Main Office","Ms.Rodjana","","","215","","","","","","","","Aug/18/2012 11:18:04","Aug/17/2013 15:21:28","HP Compaq 6200 Pro MT PC","SGH146Q33X","Intel(R) Core(TM) i5-2400 CPU @ 3.10GHz","4GB","465GB","385GB","192.168.101.132","255.255.255.0","2c:41:38:a8:19:56","SALES_RODJANA.G-TEC.LOCAL","Microsoft Windows 7 Professional","-","-","-","","","",""
"PC","SA-PC-005","SALES_RUJINAREE","Hewlett-Packard","","","","In Use","Disposed","Feb/28/2011","Aug/20/2013","Sales","Main Office","Ms.Rujinaree","","","","","","","","","","","Aug/18/2012 11:18:13","Aug/17/2013 15:21:28","HP Compaq 6200 Pro MT PC","SGH146Q347","Intel(R) Core(TM) i5-2400 CPU @ 3.10GHz","4GB","465GB","353GB","192.168.101.154","255.255.255.0","2c:41:38:a7:d7:0d","SALES_RUJINAREE.G-TEC.LOCAL","Microsoft Windows 7 Professional","-","-","-","","","",""
"PC","SA-PC-008","SALES_SUPATRA","Hewlett-Packard","","","","In Use","Disposed","Aug/05/2018","Aug/21/2013","Sales","Main Office","","","","","","","","","","","","Feb/27/2013 09:27:41","Aug/17/2013 15:21:28","HP Compaq Pro 6300 MT","SGH303QK8B","Intel(R) Core(TM) i5-3470 CPU @ 3.20GHz","4GB","931GB","800GB","192.168.101.155","255.255.255.0","10:60:4b:71:fe:1f","SALES_SUPATRA.G-TEC.LOCAL","Microsoft Windows 7 Professional","-","-","-","","","",""
"PC","SA-PC-001","SALE_SIRINAPA","Hewlett-Packard","","","","In Use","Disposed","Feb/28/2017","Aug/21/2013","Sales","Main Office","Ms.Sirinapa","","","","","","","","","","","Aug/20/2012 08:07:44","Aug/17/2013 15:21:28","HP Compaq 6200 Pro MT PC","SGH152T298","Intel(R) Core(TM) i5-2400 CPU @ 3.10GHz","4GB","465GB","396GB","192.168.101.144","255.255.255.0","08:2e:5f:05:aa:8f","SALE_SIRINAPA.G-TEC.LOCAL","Microsoft Windows 7 Professional","-","-","-","","","",""
"PC","ST-PC-001","Safety","Hewlett-Packard","","","","In Use","Disposed","Feb/28/2017","Aug/21/2013","Safety","PD_Office","Ms.Benchaporn","","","156","","","","","","","","Aug/18/2012 11:48:06","Aug/17/2013 15:21:28","HP Compaq 6200 Pro MT PC","SGH212RHV7","Intel(R) Core(TM) i5-2400 CPU @ 3.10GHz","4GB","465GB","266GB","192.168.102.135","255.255.255.0","e8:39:35:37:18:fc","SAFETY.G-TEC.LOCAL","Microsoft Windows 7 Professional","-","-","-","","","",""
"PC","SA-PC-004","Sales_Kanistha","Hewlett-Packard","","","","In Use","Disposed","Feb/28/2016","Aug/21/2013","Sales","Main Office","Ms.Kanistha","","","","","","","","","","","Aug/18/2012 11:15:47","Aug/17/2013 15:21:28","HP Compaq 6000 Pro MT PC","SGH044TY2Y","Intel(R) Core(TM)2 Duo CPU     E8400  @ 3.00GHz","2GB","465GB","418GB","192.168.101.124","255.255.255.0","00:23:24:1c:66:0b","Sales_Kanistha.G-TEC.LOCAL","Microsoft Windows XP Professional","-","-","-","","","",""
"PC","SA-PC-009","Sales_Lalita","Hewlett-Packard","","","","In Use","Disposed","Aug/05/2018","Aug/20/2013","Sales","Main Office","","","","","","","","","","","","Jun/28/2013 11:55:48","Aug/17/2013 15:21:28","HP Compaq Pro 6300 MT","SGH311QQB2","Intel(R) Core(TM) i5-3470 CPU @ 3.20GHz","4GB","465GB","423GB","192.168.101.58","255.255.255.0","6c:3b:e5:2d:50:1b","Sales_Lalita.G-TEC.LOCAL","Microsoft Windows 7 Professional","-","-","-","","","",""
"PC","SA-PC-006","Sales_Supatra","Hewlett-Packard","","","","In Use","Disposed","Feb/28/2017","Aug/21/2013","Sales","Main Office","Ms.Supatra","","","","","","","","","","","Aug/18/2012 11:18:10","Aug/17/2013 12:00:01","HP Compaq 6200 Pro MT PC","SGH127RRPC","Intel(R) Core(TM) i5-2400 CPU @ 3.10GHz","4GB","465GB","423GB","192.168.101.153","255.255.255.0","3c:d9:2b:4c:13:05","SALES_SUPATRA.G-TEC.LOCAL","Microsoft Windows 7 Professional","-","-","-","","","",""
"PC","SA-NB-001","Sales_kajohnsart_NB","LENOVO","","","","In Use","Disposed","Aug/05/2018","Aug/21/2013","Sales","Main Office","","","","","","","","","","","","Apr/29/2013 13:10:33","Aug/17/2013 15:21:28","2349M7T","PB8X3M8","Intel(R) Core(TM) i5-3230M CPU @ 2.60GHz","4GB","480GB","353GB","192.168.101.112","255.255.255.0","28:d2:44:01:d4:e8","Sales_kajohnsart_NB.G-TEC.LOCAL","Microsoft Windows 7 Professional","-","-","-","","","",""
"PC","SA-PC-010","Sales_not2","Hewlett-Packard","","","","In Use","Disposed","Aug/05/2018","Jun/13/2013","Sales","Main Office","","","","","","","","","","","","May/21/2013 11:46:03","Aug/17/2013 15:21:28","Presario V3000 (RE076PA#AKL)","2CE6350M0J","AMD Turion(tm) 64 X2","768MB","94GB","54.9GB","192.168.102.75","255.255.255.0","00:16:d3:0b:77:eb","Sales_not2.G-TEC.LOCAL","Microsoft Windows XP Professional","-","-","-","","","",""
"PC","GM-NB-005","TAKAOKA","TOSHIBA","","","","In Use","Disposed","Feb/28/2017","Aug/20/2013","PD","PD_Office","Mr.Takaoka","","","","","","","","","","","Aug/18/2012 11:15:27","Aug/17/2013 15:21:28","PORTEGE R700","9A014911H","Intel(R) Core(TM) i5 CPU       M 460  @ 2.53GHz","4GB","465GB","401GB","192.168.102.102","255.255.255.0","00:23:18:d7:7b:8c","TAKAOKA.G-TEC.LOCAL","Microsoft Windows 7 Professional","-","-","-","","","",""
"PC","TC-NB-001","TCC_Patiphan","LENOVO","","","","In Use","Disposed","Feb/28/2017","Aug/21/2013","TEC","TEC_Office","Mr.Patiphan","","","561","","","","","","","","Aug/18/2012 11:17:57","Aug/17/2013 15:21:28","4180NL9","PBE8665","Intel(R) Core(TM) i3-2350M CPU @ 2.30GHz","4GB","465GB","383GB","192.168.104.143","255.255.255.0","00:21:cc:b4:59:fa","TCC_PATIPHAN.G-TEC.LOCAL","Microsoft Windows 7 Professional","-","-","-","","","",""
"PC","TC-PC-014","TECH-NIRUN","Hewlett-Packard","","","","In Use","Disposed","Feb/28/2012","Aug/21/2013","TEC","TEC_Office","Mr.Nirun","","","252","","","","","","","","Aug/18/2012 11:18:08","Aug/17/2013 15:21:28","HP Compaq 6200 Pro MT PC","SGH212RHV3","Intel(R) Core(TM) i5-2400 CPU @ 3.10GHz","4GB","465GB","365GB","192.168.104.65","255.255.255.0","e8:39:35:37:19:03","TECH-NIRUN.G-TEC.LOCAL","Microsoft Windows 7 Professional","-","-","-","","","",""
"PC","TC-PC-003","TECH_JUTHATHIP","Hewlett-Packard","","","","In Use","Disposed","Feb/28/2017","Aug/21/2013","TEC","TEC_Office","Ms.Juthathip","","","560","","","","","","","","Aug/18/2012 11:18:04","Aug/17/2013 15:21:28","HP Compaq 6200 Pro MT PC","SGH127RRP9","Intel(R) Core(TM) i5-2400 CPU @ 3.10GHz","4GB","465GB","403GB","192.168.104.62","255.255.255.0","3c:d9:2b:4c:51:34","TECH_JUTHATHIP.G-TEC.LOCAL","Microsoft Windows 7 Professional","-","-","-","","","",""
"PC","TC-PC-010","TECH_KARUN","Hewlett-Packard","","","","In Use","Disposed","Feb/28/2017","Aug/21/2013","TEC","TEC_Office","Mr.Karun","","","111","","","","","","","","Aug/18/2012 11:18:13","Aug/17/2013 15:21:28","HP Compaq 6200 Pro MT PC","SGH212RHVB","Intel(R) Core(TM) i5-2400 CPU @ 3.10GHz","4GB","465GB","331GB","192.168.104.71","255.255.255.0","08:2e:5f:31:74:ac","TECH_KARUN.G-TEC.LOCAL","Microsoft Windows 7 Professional","-","-","-","","","",""
"PC","TC-NB-006","TECH_SARAWUT","LENOVO","","","","In Use","Disposed","Feb/28/2017","Aug/21/2013","TEC","TEC_Office","Mr.Sarawut","","","561","","","","","","","","Aug/18/2012 11:18:11","Aug/17/2013 15:21:28","4180P52","R8MP31W","Intel(R) Core(TM) i3-2330M CPU @ 2.20GHz","4GB","465GB","341GB","192.168.104.145","255.255.255.0","00:21:cc:67:62:79","TECH_SARAWUT.G-TEC.LOCAL","Microsoft Windows 7 Professional","-","-","-","","","",""
"PC","TC-PC-020","TECH_SARAWUT2","Hewlett-Packard","","","","In Use","In Use","Aug/05/2018","Aug/21/2013","TEC","TEC_Office","","","","","","","","","","","","Feb/12/2013 12:03:27","Aug/17/2013 15:21:28","HP Compaq Pro 6300 MT","SGH303QQH7","Intel(R) Core(TM) i5-3470 CPU @ 3.20GHz","4GB","931GB","550GB","192.168.104.75","255.255.255.0","10:60:4b:80:44:53","TECH_SARAWUT2.G-TEC.LOCAL","Microsoft Windows 7 Professional","-","-","-","","","",""
"PC","TC-PC-016","TECH_THAMMARAT","Hewlett-Packard","","","","In Use","Disposed","Aug/05/2018","Aug/19/2013","TEC","TEC_Office","","","","","","","","","","","","May/20/2013 15:30:12","Aug/17/2013 15:21:28","HP Compaq Pro 6300 MT","SGH311QQ9S","Intel(R) Core(TM) i5-3470 CPU @ 3.20GHz","4GB","931GB","871GB","192.168.104.67","255.255.255.0","6c:3b:e5:26:b7:37","TECH_THAMMARAT.G-TEC.LOCAL","Microsoft Windows 7 Professional","-","-","-","","","",""
"PC","TC-PC-008","TECH_THANAKRIT","Hewlett-Packard","","","","In Use","Disposed","Feb/28/2017","Aug/21/2013","TEC","TEC_Office","Mr.Thanakrit","","","561","","","","","","","","Aug/18/2012 11:18:13","Aug/17/2013 15:21:28","HP Compaq 6200 Pro MT PC","SGH146Q341","Intel(R) Core(TM) i5-2400 CPU @ 3.10GHz","4GB","465GB","277GB","192.168.104.68","255.255.255.0","2c:41:38:af:41:31","TECH_THANAKRIT.G-TEC.LOCAL","Microsoft Windows 7 Professional","-","-","-","","","",""
"PC","TC-NB-007","TECH_Thammarat","Dell Inc.","","","","In Use","Disposed","Feb/28/2017","May/20/2013","TEC","TEC_Office","Mr.Thammarat","","","252","","","","","","","","Aug/18/2012 11:16:03","Aug/17/2013 12:00:01","Precision M90","5Y8VR1S","Intel(R) Core(TM)2 CPU         T7600  @ 2.33GHz","2GB","149GB","92.9GB","192.168.104.67","255.255.255.0","00:1c:23:14:88:ff","TECH_Thammarat","Microsoft Windows XP Professional","-","-","-","","","",""
"PC","TC-PC-015","TECH_UPPAKORN","LENOVO","","","","In Use","Disposed","Nov/26/2018","Aug/21/2013","TEC","TEC_Office","Mr.Uppakorn","","","","","","","","","","","Nov/26/2012 13:50:06","Aug/17/2013 15:21:28","3574N5T","S1EFW03","Intel(R) Core(TM) i5-2400S CPU @ 2.50GHz","6GB","465GB","399GB","192.168.104.72","255.255.255.0","f8:0f:41:60:ff:58","TECH_UPPAKORN.G-TEC.LOCAL","Microsoft Windows 7 Professional","-","-","-","","","",""
"PC","TC-PC-021","TECH_Udorn","Hewlett-Packard","","","","In Use","In Use","Aug/05/2018","Aug/21/2013","TEC","TEC_Office","","","","","","","","","","","","May/20/2013 16:23:42","Aug/17/2013 15:21:28","HP Compaq Pro 6300 MT","SGH311QQ9Z","Intel(R) Core(TM) i5-3470 CPU @ 3.20GHz","4GB","931GB","853GB","192.168.104.144","255.255.255.0","6c:3b:e5:2e:45:bb","TECH_Udorn.G-TEC.LOCAL","Microsoft Windows 7 Professional","-","-","-","","","",""
"PC","TC-PC-011","TECH_VACHARAPON","Hewlett-Packard","","","","In Use","Disposed","Feb/28/2017","Aug/21/2013","TEC","TEC_Office","Mr.Vacharapong","","","552","","","","","","","","Aug/18/2012 11:17:54","Aug/17/2013 15:21:28","SLIC-BPC","","Intel(R) Core(TM) i5-2400 CPU @ 3.10GHz","4GB","465GB","211GB","192.168.104.69","255.255.255.0","3c:d9:2b:5d:be:75","TECH_VACHARAPON.G-TEC.LOCAL","Microsoft Windows 7 Professional","-","-","-","","","",""
"PC","TC-PC-012","TECH_VEERAYUTH","Hewlett-Packard","","","","In Use","Disposed","Feb/28/2011","Aug/21/2013","TEC","TEC_Office","Mr.Veerayuth","","","552","","","","","","","","Aug/18/2012 11:18:10","Aug/17/2013 15:21:28","HP Compaq 6200 Pro MT PC","SGH212RHVH","Intel(R) Core(TM) i5-2400 CPU @ 3.10GHz","4GB","465GB","370GB","192.168.104.70","255.255.255.0","e8:39:35:37:18:d5","TECH_VEERAYUTH.G-TEC.LOCAL","Microsoft Windows 7 Professional","-","-","-","","","",""
"PC","TC-PC-013","TECH_WIROTE","Hewlett-Packard","","","","In Use","Disposed","Feb/28/2017","Aug/20/2013","TEC","TEC_Office","Mr.Wirote","","","552","","","","","","","","Aug/18/2012 11:17:54","Aug/17/2013 15:21:28","HP Compaq 6200 Pro MT PC","SGH127RRQK","Intel(R) Core(TM) i5-2400 CPU @ 3.10GHz","4GB","465GB","410GB","192.168.104.61","255.255.255.0","3c:d9:2b:49:7b:98","TECH_WIROTE.G-TEC.LOCAL","Microsoft Windows 7 Professional","-","-","-","","","",""
"PC","TC-NB-016","Tech_Attapon","Dell Inc.","","","","In Use","Disposed","Nov/27/2018","Aug/21/2013","TEC","TEC_Office","Mr.Attapon","","","113","Windows 7","Office 2010","","","","","","Oct/01/2012 14:32:57","Aug/17/2013 15:21:28","Precision M6700","HK9FKV1","Intel(R) Core(TM) i7-3820QM CPU @ 2.70GHz","8GB","931GB","709GB","192.168.104.73","255.255.255.0","d4:be:d9:65:16:f6","TECH_Attapon","Microsoft Windows 7 Professional","-","-","-","","","",""
"PC","TC-PC-017","Tech_Tanin","Hewlett-Packard","","","","In Use","Disposed","Aug/05/2018","Aug/21/2013","TEC","TEC_Office","Mr.Tanin","","","252","","","","","","","","Aug/18/2012 11:16:03","Aug/17/2013 15:21:25","HP Z400 Workstation","SGH028RT1K","Intel(R) Xeon(R) CPU           W3520  @ 2.67GHz","8GB","136GB","22.8GB","192.168.104.121","255.255.255.0","78:e7:d1:c2:3e:85","CatiaV5-01","Microsoft(R) Windows(R) XP Professional x64 Edition","-","-","-","","","",""
"PC","TC-PC-005","Tech_komsak-PC","Dell Inc.","","","","In Use","Disposed","Feb/28/2017","Aug/21/2013","TEC","TEC_Office","Mr.Komsak","","","252","","","","","","","","Aug/18/2012 11:17:34","Aug/17/2013 15:21:28","Precision WorkStation T7500","3858C2S","Intel(R) Xeon(R) CPU           E5620  @ 2.40GHz","48GB","1.36TB","331GB","192.168.104.64","255.255.255.0","18:03:73:44:a9:54","Tech_komsak-PC","Microsoft Windows 7 Professional","-","-","-","","","",""
"PC","TC-PC-004","Tech_wijitra","Hewlett-Packard","","","","In Use","Disposed","Feb/28/2017","Aug/21/2013","TEC","TEC_Office","Ms.Kanjana","","","560","","","","","","","","Aug/18/2012 11:17:59","Aug/17/2013 15:21:28","HP Compaq 6200 Pro MT PC","SGH212RHVM","Intel(R) Core(TM) i5-2400 CPU @ 3.10GHz","4GB","465GB","279GB","192.168.104.146","255.255.255.0","e8:39:35:37:19:01","TECH_KANJANA.G-TEC.LOCAL","Microsoft Windows 7 Professional","-","-","-","","","",""
"PC","WD-PC-001","WD_NAPAWAN","Hewlett-Packard","","","","In Use","Disposed","Feb/28/2017","Aug/21/2013","WD","PD_Office","Ms.Napawan","","","340","","","","","","","","Aug/18/2012 11:18:07","Aug/17/2013 15:21:28","HP Compaq 6200 Pro MT PC","SGH132QB0D","Intel(R) Core(TM) i5-2400 CPU @ 3.10GHz","4GB","465GB","433GB","192.168.102.54","255.255.255.0","3c:d9:2b:70:40:a4","WD_NAPAWAN.G-TEC.LOCAL","Microsoft Windows 7 Professional","-","-","-","","","",""
"PC","WD-PC-002","WD_SOMCHAI","Hewlett-Packard","","","","In Use","Disposed","Feb/28/2017","Aug/21/2013","WD","PD_Office","Ms.Somchai","","","331","","","","","","","","Aug/18/2012 11:17:57","Aug/17/2013 15:21:28","HP Compaq 6200 Pro MT PC","SGH146Q342","Intel(R) Core(TM) i5-2400 CPU @ 3.10GHz","4GB","465GB","138GB","192.168.102.152","255.255.255.0","2c:41:38:a7:d7:51","WD_SOMCHAI.G-TEC.LOCAL","Microsoft Windows 7 Professional","-","-","-","","","",""
"PC","WD-PC-003","WD_Yardaroon","Hewlett-Packard","","","","In Use","Disposed","Feb/28/2017","Aug/21/2013","WD","PD_Office","Ms.Yardaroon","","","320","","","","","","","","Aug/18/2012 11:18:01","Aug/17/2013 15:21:28","HP Compaq 6200 Pro MT PC","SGH146Q348","Intel(R) Core(TM) i5-2400 CPU @ 3.10GHz","4GB","465GB","309GB","192.168.102.121","255.255.255.0","2c:41:38:a7:d7:14","WD_Yardaroon","Microsoft Windows 7 Professional","-","-","-","","","",""
"PC","WD-NB-005","WEL_AKKARADECH","LENOVO","","","","In Use","Disposed","Feb/28/2017","Aug/21/2013","WD","PD_Office","Mr.Akkaradech","","","331","","","","","","","","Aug/18/2012 11:16:29","Aug/17/2013 15:21:28","4180NL9","PBE8667","Intel(R) Core(TM) i3-2350M CPU @ 2.30GHz","4GB","465GB","214GB","192.168.102.141","255.255.255.0","00:21:cc:b7:9d:ac","WEL_AKKARADECH.G-TEC.LOCAL","Microsoft Windows 7 Professional","-","-","-","","","",""
"PC","WD-PC-006","WEL_AKKHARAD","Hewlett-Packard","","","","In Use","Disposed","Feb/28/2017","Aug/21/2013","WD","PD_Office","Mr.akkharad","","","331","","","","","","","","Aug/20/2012 07:54:07","Aug/17/2013 15:21:28","HP Compaq 6200 Pro MT PC","SGH212RHV6","Intel(R) Core(TM) i5-2400 CPU @ 3.10GHz","4GB","465GB","134GB","192.168.102.150","255.255.255.0","08:2e:5f:31:74:aa","WEL_AKKHARAD.G-TEC.LOCAL","Microsoft Windows 7 Professional","-","-","-","","","",""
"PC","WD-NB-007","WEL_CHUMPON","LENOVO","","","","In Use","Disposed","Feb/28/2017","Aug/21/2013","WD","PD_Office","Mr.Chumpon","","","331","","","","","","","","Aug/18/2012 11:15:58","Aug/17/2013 15:21:28","4180NL9","PBE8662","Intel(R) Core(TM) i3-2350M CPU @ 2.30GHz","4GB","465GB","322GB","192.168.102.151","255.255.255.0","00:21:cc:b7:f3:51","WEL_CHUMPON.G-TEC.LOCAL","Microsoft Windows 7 Professional","-","-","-","","","",""
"PC","WD-NB-008","WEL_KUMPHOL","LENOVO","","","","In Use","Disposed","Feb/28/2017","Aug/21/2013","WD","PD_Office","Mr.Kumphol","","","","","","","","","","","Aug/18/2012 11:16:13","Aug/17/2013 15:21:28","4180P52","R8MA41F","Intel(R) Core(TM) i3-2330M CPU @ 2.20GHz","4GB","465GB","414GB","192.168.102.111","255.255.255.0","74:e5:0b:0b:7c:cc","WEL_KUMPHOL.G-TEC.LOCAL","Microsoft Windows 7 Professional","-","-","-","","","",""
"PC","WD-PC-020","WEL_MANIT","Hewlett-Packard","","","","In Use","Disposed","Aug/05/2018","Aug/21/2013","WD","PD_Office","","","","","","","","","","","","Feb/06/2013 13:38:44","Aug/17/2013 15:21:28","HP Compaq 6200 Pro MT PC","SGH207SS3V","Intel(R) Core(TM) i5-2400 CPU @ 3.10GHz","4GB","465GB","261GB","192.168.106.57","255.255.255.0","08:2e:5f:30:92:08","WEL_MANIT.G-TEC.LOCAL","Microsoft Windows 7 Professional","-","-","-","","","",""
"PC","WD-PC-019","WEL_PRACHYA","Hewlett-Packard","","","","In Use","Disposed","Aug/05/2018","Aug/21/2013","WD","PD_Office","","","","","","","","","","","","Jul/01/2013 17:11:45","Aug/17/2013 15:21:28","HP Compaq Pro 6300 MT","SGH320SVLR","Intel(R) Core(TM) i5-3470 CPU @ 3.20GHz","4GB","931GB","891GB","192.168.106.60","255.255.255.0","88:51:fb:59:1a:48","WEL_PRACHYA.G-TEC.LOCAL","Microsoft Windows 7 Professional","-","-","-","","","",""
"PC","WD-NB-010","WEL_Rittirong","Hewlett-Packard","","","","In Use","Disposed","Feb/28/2012","May/20/2013","WD","Store_WD","Mr.Rittirong","","","","","","","","","","","Aug/29/2012 12:13:10","Aug/17/2013 12:00:01","HP Compaq 6520s","CNU824272X","Intel(R) Core(TM)2 Duo CPU     T5670  @ 1.80GHz","1GB","150GB","78.9GB","192.168.99.234","255.255.255.0","00:1f:29:93:45:1b","WEL_Rittirong","Microsoft Windows XP Professional","-","-","-","","","",""
"PC","WD-PC-012","WEL_SURASAK","Hewlett-Packard","","","","In Use","Disposed","Feb/28/2017","Aug/21/2013","WD","PD_Office","Mr.Surasak","","","331","","","","","","","","Aug/18/2012 11:18:08","Aug/17/2013 15:21:28","HP Compaq 6200 Pro MT PC","SGH212RHV8","Intel(R) Core(TM) i5-2400 CPU @ 3.10GHz","4GB","465GB","376GB","192.168.102.149","255.255.255.0","e8:39:35:34:ac:03","Wel_Surasak","Microsoft Windows 7 Professional","-","-","-","","","",""
"PC","WD-PC-018","WEL_Siriwan","Hewlett-Packard","","","","In Use","Disposed","Aug/05/2018","Aug/21/2013","WD","PD_Office","","","","","","","","","","","","May/15/2013 16:27:28","Aug/17/2013 15:21:28","HP Compaq Pro 6300 MT","SGH311QQ9Q","Intel(R) Core(TM) i5-3470 CPU @ 3.20GHz","4GB","931GB","819GB","192.168.102.146","255.255.255.0","6c:3b:e5:26:b7:35","WEL_Siriwan.G-TEC.LOCAL","Microsoft Windows 7 Professional","-","-","-","","","",""
"PC","WD-NB-013","WEL_TANANAN-N","LENOVO","","","","In Use","Disposed","Feb/28/2017","Aug/20/2013","WD","PD_Office","Mr.tananan","","","331","","","","","","","","Aug/18/2012 11:18:00","Aug/17/2013 15:21:28","4180NL9","PBE8669","Intel(R) Core(TM) i3-2350M CPU @ 2.30GHz","4GB","469GB","351GB","192.168.102.134","255.255.255.0","00:21:cc:b7:d2:01","WEL_TANANAN-N.G-TEC.LOCAL","Microsoft Windows 7 Professional","-","-","-","","","",""
"PC","WD-PC-004","WE_PINYADA","Hewlett-Packard","","","","In Use","Disposed","Feb/28/2017","Aug/21/2013","WD","PD_Office","Ms.Pinyada","","","","","","","","","","","Aug/18/2012 11:19:16","Aug/17/2013 15:21:28","HP Compaq 6000 Pro MT PC","SGH044TY33","Intel(R) Core(TM)2 Duo CPU     E8400  @ 3.00GHz","2GB","465GB","399GB","192.168.102.59","255.255.255.0","00:23:24:1c:65:f2","WE_PINYADA.G-TEC.LOCAL","Microsoft Windows 7 Professional","-","-","-","","","",""
"PC","WD-PC-015","Wel_Adinan","Hewlett-Packard","","","","In Use","Disposed","Aug/05/2018","Aug/21/2013","WD","PD_Office","","","","","","","","","","","","Jul/01/2013 14:41:01","Aug/17/2013 15:21:28","HP Compaq Pro 6300 MT","SGH320SVLZ","Intel(R) Core(TM) i5-3470 CPU @ 3.20GHz","4GB","931GB","888GB","192.168.102.76","255.255.255.0","88:51:fb:54:be:f6","Wel_Adinan.G-TEC.LOCAL","Microsoft Windows 7 Professional","-","-","-","","","",""
"PC","WD-NB-006","Wel_Chuchai","LENOVO","","","","In Use","Disposed","Aug/05/2018","Aug/21/2013","WD","PD_Office","","","","","","","","","","","","May/21/2013 09:50:06","Aug/17/2013 15:21:28","2349M7T","PB3XE9G","Intel(R) Core(TM) i5-3230M CPU @ 2.60GHz","4GB","465GB","418GB","192.168.102.68","255.255.255.0","00:21:cc:d6:2a:97","Wel_Chuchai.G-TEC.LOCAL","Microsoft Windows 7 Professional","-","-","-","","","",""
"PC","WD-PC-009","Wel_Nichnicha","Hewlett-Packard","","","","In Use","Disposed","Feb/28/2012","May/21/2013","WD","PD_Office","Ms.Nichnicha","","","320","","","","","","","","Aug/20/2012 16:01:51","Aug/17/2013 12:00:01","PC","","Intel(R) Pentium(R) Dual  CPU  E2220  @ 2.40GHz","1GB","232GB","177GB","192.168.102.145","255.255.255.0","00:22:64:18:ed:e1","Wel_Nichnicha.G-TEC.LOCAL","Microsoft Windows XP Professional","-","-","-","","","",""
"PC","WD-PC-013","Wel_patraporn","Hewlett-Packard","","","","In Use","Disposed","Aug/05/2018","Aug/21/2013","WD","PD_Office","","","","","","","","","","","","May/21/2013 15:35:32","Aug/17/2013 15:21:28","HP Compaq Pro 6300 MT","SGH311QQ9P","Intel(R) Core(TM) i5-3470 CPU @ 3.20GHz","4GB","931GB","848GB","192.168.102.69","255.255.255.0","6c:3b:e5:26:b7:36","Wel_patraporn.G-TEC.LOCAL","Microsoft Windows 7 Professional","-","-","-","","","",""
"PC","WD-PC-014","Weld_Prajuab","Hewlett-Packard","","","","In Use","Disposed","Feb/28/2017","Aug/21/2013","WD","PD_Office","Mr.Prajuab","","","331","","","","","","","","Aug/18/2012 11:16:23","Aug/17/2013 15:21:28","HP Compaq 6000 Pro MT PC","SGH032Q4CB","Intel(R) Core(TM)2 Duo CPU     E7600  @ 3.06GHz","2GB","298GB","140GB","192.168.102.142","255.255.255.0","1c:c1:de:66:a9:2b","Weld_Prajuab.G-TEC.LOCAL","Microsoft Windows XP Professional","-","-","-","","","",""
"PC","WD-NB-015","Welding_NB","Hewlett-Packard","","","","In Use","Disposed","Feb/28/2017","Jul/20/2013","WD","PD_Office","Ms.Yardaroon","","","320","","","","","","","","Aug/20/2012 14:27:43","Aug/17/2013 15:21:28","HP Compaq 6520s","CNU82426ZB","Intel(R) Core(TM)2 Duo CPU     T5670  @ 1.80GHz","1GB","149GB","134GB","192.168.102.55","255.255.255.0","00:1f:29:93:45:3c","Welding_NB","Microsoft Windows XP Professional","-","-","-","","","",""
"PC","IT-PC-004","comuser","Hewlett-Packard","","","","In Use","Disposed","Feb/28/2016","Apr/05/2013","IT","SV-Room","Mr.Trirachai","","","391","","","","","","","","Aug/18/2012 11:15:19","Aug/17/2013 15:21:28","HP xw4600 Workstation","SGH9360BDZ","Intel(R) Core(TM)2 Duo CPU     E8400  @ 3.00GHz","4GB","2.27TB","587GB","192.168.2.3","255.255.255.0","00:10:b5:d4:9f:94","comuser","Microsoft Windows XP Professional","-","-","-","","","",""
"PC","GM-PC-007","higashi","Hewlett-Packard","","","","In Use","Disposed","Feb/28/2016","Aug/21/2013","TEC","TEC_Office","Mr.Higashi","","","","","","","","","","","Aug/18/2012 11:15:32","Aug/17/2013 15:21:28","HP EliteBook 8530w","2CE94695KM","Intel(R) Core(TM)2 Duo CPU     T9550  @ 2.66GHz","8GB","298GB","127GB","192.168.104.104","255.255.255.0","f4:ce:46:99:67:d8","higashi","Microsoft(R) Windows(R) XP Professional x64 Edition","-","-","-","","","",""
"PC","IT-SV-017","mm_server","VMware, Inc.","","","","In Use","Disposed","Aug/05/2018","Aug/21/2013","IT","SV-Room","","","","","","","","","","","","Jan/26/2013 12:18:14","Aug/17/2013 15:21:28","VMware Virtual Platform","VMware-42 35 fe 6d 29 d4 df 56-86 f7 1a 03 62 37 94 e3","Intel(R) Xeon(R) CPU E5-2620 0 @ 2.00GHz","2GB","19.9GB","6.61GB","192.168.12.22","255.255.255.0","00:50:56:b5:21:42","mm_server","Microsoft Windows XP Professional","-","-","-","","","",""
"PC","PR-NB-010","press_them","Hewlett-Packard","","","","In Use","Disposed","Aug/05/2018","Aug/21/2013","Press","PD_Office","","","","","","","","","","","","Jun/20/2013 12:03:50","Aug/17/2013 15:21:28","HP ProBook 4410s","CNU9280NXW","Intel(R) Core(TM)2 Duo CPU     T6570  @ 2.10GHz","2GB","232GB","208GB","192.168.102.80","255.255.255.0","00:25:b3:64:cc:57","press_them.G-TEC.LOCAL","Microsoft Windows XP Professional","-","-","-","","","",""
"PC","QC-PC-017","takao-d9d323df2","Dell Inc.","","","","In Use","Disposed","Feb/28/2012","Aug/20/2013","QC","QC_Office","Mr.Amphol","","","503","","","","","","","","Aug/20/2012 16:17:25","Aug/17/2013 15:21:28","Precision WorkStation 670","552FV1X","Intel(R) Xeon(TM) CPU 3.80GHz","4GB","313GB","206GB","192.168.103.66","255.255.255.0","00:14:22:3f:38:12","takao-d9d323df2","Microsoft Windows XP Professional","-","-","-","","","",""
"PC","GM-NB-002","uchiike","LENOVO","","","","In Use","Disposed","Feb/28/2017","Aug/21/2013","PD","PD_Office","Mr.Maeda","","","","","","","","","","","Aug/18/2012 11:16:23","Aug/17/2013 15:21:25","4180J35","PBFWZP5","Intel(R) Core(TM) i5-2520M CPU @ 2.50GHz","4GB","465GB","136GB","192.168.102.103","255.255.255.0","00:21:cc:c0:f5:74","uchiike.G-TEC.LOCAL","Microsoft Windows 7 Professional","-","-","-","","","",""
"PC","DI-PC-012","ug01","Hewlett-Packard","","","","In Use","Disposed","Feb/28/2012","Aug/21/2013","DIE","DIE-Office","Mr.Sawas","","","430","","","","","","","","Aug/18/2012 11:16:13","Aug/17/2013 12:00:01","HP xw4300 Workstation","SGH6340CJM","Intel(R) Pentium(R) 4 CPU 3.40GHz","4GB","136GB","74.6GB","192.168.104.52","255.255.255.0","00:17:a4:f3:55:a6","ug01","Microsoft Windows XP Professional","-","-","-","","","",""
"PC","WD-PC-021","wel_rittirong","Hewlett-Packard","","","","In Use","Disposed","Aug/05/2018","Aug/21/2013","WD","Store_WD","","","","","","","","","","","","May/20/2013 13:58:29","Aug/17/2013 15:21:28","HP Compaq Pro 6300 MT","SGH311QQB4","Intel(R) Core(TM) i5-3470 CPU @ 3.20GHz","4GB","931GB","875GB","192.168.106.54","255.255.255.0","6c:3b:e5:26:74:50","wel_rittirong.G-TEC.LOCAL","Microsoft Windows 7 Professional","-","-","-","","","",""
"Server","IT-SV-015","ACADIA","VMware, Inc.","","","","In Use","Disposed","Aug/05/2018","Aug/21/2013","IT","SV-Room","","","","","","","","","","","","Sep/23/2012 12:03:19","Aug/17/2013 15:21:25","VMware Virtual Platform","VMware-42 35 bc a1 af cd 11 35-75 5d ad a2 fc 2d a4 78","Intel(R) Xeon(R) CPU E5-2620 0 @ 2.00GHz","4GB","199GB","178GB","192.168.12.29","255.255.255.0","00:50:56:b6:68:e2","ACADIA.G-TEC.LOCAL","Microsoft Windows Server 2008 R2 Standard","-","-","-","","","",""
"Server","IT-SV-005","Fortinet 100A","Fortinet","Firewall","","","In Use","Disposed","Nov/04/2013","Nov/05/2008","IT","SV-Room","Mr.Thirachai","","itstaff@g-tec.co.th","391","","","","","","","","Sep/19/2012 11:00:47","Aug/17/2013 15:21:25","Fortinet 100 A","FG100A3908500920","","-","-","-","192.168.99.1","255.255.255.0","","","","-","-","-","","","",""
"Server","IT-SV-012","GTECDC","VMware, Inc.","","","","In Use","Disposed","Aug/05/2018","Aug/21/2013","IT","SV-Room","","","","","","","","","","","","Sep/23/2012 12:02:49","Aug/17/2013 15:21:25","VMware Virtual Platform","VMware-42 18 45 fc ba 0f 45 4c-47 6f 28 6d df 91 6b b0","Intel(R) Xeon(R) CPU E5-2620 0 @ 2.00GHz","4GB","59.9GB","39.8GB","192.168.12.5","255.255.255.0","00:50:56:98:42:8f","GTECDC.G-TEC.LOCAL","Microsoft Windows Server 2008 R2 Standard","-","-","-","","","",""
"Server","IT-SV-020","JP1","VMware, Inc.","","","","In Use","Disposed","Aug/05/2018","Aug/21/2013","IT","SV-Room","","","","","","","","","","","","Jan/03/2013 09:48:32","Aug/17/2013 15:21:25","VMware Virtual Platform","VMware-42 35 45 8d f9 aa 92 4d-0c 28 3d e5 f7 9c 79 c8","Intel(R) Xeon(R) CPU E5-2620 0 @ 2.00GHz","8GB","148GB","35.8GB","192.168.12.8","255.255.255.0","00:50:56:b5:78:7c","JP1.G-TEC.LOCAL","Microsoft Windows Server 2008 R2 Standard","-","-","-","","","",""
"Server","IT-SV-018","SQL_Server2008","VMware, Inc.","","","","In Use","Disposed","Aug/05/2018","Aug/21/2013","IT","SV-Room","","","","","","","","","","","","Apr/30/2013 13:26:13","Aug/17/2013 15:21:28","VMware Virtual Platform","VMware-42 35 22 e4 63 d9 a2 ad-de 36 ed 16 10 41 c6 bf","Intel(R) Xeon(R) CPU E5-2620 0 @ 2.00GHz","4GB","79.9GB","49.4GB","192.168.12.28","255.255.255.0","00:50:56:b5:48:5c","SQL_Server2008.G-TEC.LOCAL","Microsoft Windows Server 2008 R2 Standard","-","-","-","","","",""
"Server","4E6K1TJ7D","SVR_CATIA","IBM","","","","In Use","Disposed","Aug/17/2018","Aug/21/2013","","Server_Room","","","","","","","","","","","","Aug/13/2013 12:01:36","Aug/17/2013 16:36:04","IBM System x3550 M4 Server -[7914C2A]-","06RHNE2","Intel(R) Xeon(R) CPU E5-2620 0 @ 2.00GHz","8GB","930GB","906GB","192.168.12.61","255.255.255.0","40:f2:e9:08:ec:d4","SRV_CATIA.G-TEC.LOCAL","Microsoft Windows Server 2008 R2 Standard","-","-","-","","","",""
"Server","IT-SV-021","ServerSophos","VMware, Inc.","","","","In Use","Disposed","Aug/05/2013","Apr/03/2013","IT","SV-Room","","","","","","","","","","","","Sep/23/2012 12:13:56","Aug/17/2013 15:21:28","VMware Virtual Platform","VMware-42 35 24 72 30 8f eb d1-9c 9e 4f e6 92 db f5 49","Intel(R) Xeon(R) CPU E5-2620 0 @ 2.00GHz","4GB","199GB","187GB","192.168.12.16","255.255.255.0","00:50:56:b5:56:0c","ACADIA","Microsoft Windows Server 2012 Standard","-","-","-","","","",""
"Server","IT-SV-016","VCenter","VMware, Inc.","","","","In Use","Disposed","Aug/05/2018","Aug/21/2013","IT","SV-Room","","","","","","","","","","","","Sep/23/2012 12:03:04","Aug/17/2013 15:21:28","VMware Virtual Platform","VMware-56 4d 92 3b bb dd 35 e9-79 d9 77 cb 5c a6 0c 44","Intel(R) Xeon(R) CPU E5-2620 0 @ 2.00GHz","4GB","79.9GB","54.7GB","192.168.12.14","255.255.255.0","00:0c:29:a6:0c:44","VCenter-Server.G-TEC.LOCAL","Microsoft Windows Server 2008 R2 Standard","-","-","-","","","",""
"Server","IT-SV-014","WSUS-SERVER","VMware, Inc.","","","","In Use","Disposed","Aug/05/2018","Aug/21/2013","IT","SV-Room","","","","","","","","","","","","Jan/03/2013 12:17:27","Aug/17/2013 15:21:28","VMware Virtual Platform","VMware-42 35 6e 90 b5 61 ce 09-17 3b f2 81 c5 3a 0b 6c","Intel(R) Xeon(R) CPU E5-2620 0 @ 2.00GHz","4GB","179GB","74.9GB","192.168.12.7","255.255.255.0","00:50:56:ab:7c:4e","WSUS-SERVER.G-TEC.LOCAL","Microsoft Windows Server 2008 R2 Standard","-","-","-","","","",""
"Server","IT-SV-019","backup-server.G-TEC.LOCAL","HP","","","","In Use","Disposed","Aug/05/2018","Aug/21/2013","IT","SV-Room","","","","","","","","","","","","Mar/26/2013 08:24:16","Aug/17/2013 15:21:28","ProLiant DL380 G5","021AW9VW73E3","Intel(R) Xeon(R) CPU           E5420  @ 2.50GHz","4GB","6.95TB","3.84TB","192.168.12.9","255.255.255.0","00:1f:29:e8:e9:e2","backup-server.G-TEC.LOCAL","Microsoft(R) Windows(R) Server 2003 R2, Standard Edition","-","-","-","","","",""
"Server","IT-SV-004","cad-server.tec.local","IBM","","","","In Use","Disposed","Feb/28/2012","Mar/02/2013","IT","SV-Room","Mr.Preecha","","","391","","","","","","","","Aug/18/2012 11:15:19","Aug/17/2013 12:00:02","eserver xSeries 346 -[884055A]-","99BAPLT","Intel(R) Xeon(TM) CPU 3.80GHz","2GB","546GB","246GB","192.168.99.4","255.255.255.0","00:14:5e:23:5f:8f","cad-server.tec.local","Microsoft(R) Windows(R) Server 2003 R2, Standard Edition","-","-","-","","","",""
"Server","IT-SV-002","file_server.tec.local","HP","","","","In Use","Disposed","Feb/28/2012","Feb/01/2013","IT","SV-Room","Mr.Trirachai","","","","","","","","","","","Aug/18/2012 11:15:22","Aug/17/2013 15:21:28","ProLiant DL380 G5","SGH83804YN","Intel(R) Xeon(R) CPU           E5420  @ 2.50GHz","4GB","6.95TB","2.12TB","192.168.99.11","255.255.255.0","00:21:5a:f0:0b:7e","file_server.tec.local","Microsoft(R) Windows(R) Server 2003 R2, Standard Edition","-","-","-","","","",""
"Server","IT-SV-013","files-server","VMware, Inc.","","","","In Use","Disposed","Aug/05/2018","Aug/21/2013","IT","SV-Room","","","","","","","","","","","","Sep/23/2012 12:02:49","Aug/17/2013 15:21:28","VMware Virtual Platform","VMware-42 35 d6 b0 40 41 22 6a-0c 25 2e 14 d2 d7 7c c6","Intel(R) Xeon(R) CPU E5-2620 0 @ 2.00GHz","4GB","6.35TB","793GB","192.168.12.6","255.255.255.0","00:50:56:b5:31:4d","files-server.G-TEC.LOCAL","Microsoft Windows Server 2008 R2 Standard","-","-","-","","","",""
"Server","IT-SV-003","takaosvr","HP","","","","In Use","Disposed","Jan/30/2015","Jul/15/2013","IT","SV-Room","Mr.Trirachai","","","391","","","","","","","","Aug/18/2012 11:15:22","Aug/17/2013 15:21:28","ProLiant DL380 G6","SGH9325V33","Intel(R) Xeon(R) CPU           E5520  @ 2.27GHz","12GB","273GB","101GB","192.168.99.9","255.255.255.0","d8:d3:85:a5:f6:22","takaosvr","Microsoft(R) Windows(R) Server 2003 R2, Standard x64 Edition","-","-","-","","","",""
"Network Device","OXH9NC8OB","IT-SV-005","","Firewall","KSC","Jan/01/2013","In Use","","","Sep/19/2012","","","","","","","","","","","","","","Sep/19/2012 10:50:57","Aug/17/2013 15:21:25","","","","-","-","-","","","","","","-","-","-","","","",""
"Printer","","NPIBAA5B5","","","","","In Use","","","Aug/20/2013","","","","","","","","","","","","","","Aug/18/2012 11:16:59","Sep/08/2012 16:11:22","","","","128MB","59.8MB","-","192.168.103.12","255.255.255.0","00:11:0a:ba:a5:b5","MAC00110ABAA5B5","","-","-","-","","","",""
"Printer","","RNP0026732A9D1E","","","","","In Use","","","Aug/20/2013","","","","","","","","","","","","","","Aug/18/2012 11:17:19","Sep/08/2012 16:11:22","","","","2GB","-","-","192.168.106.11","255.255.255.0","00:26:73:2a:9d:1e","MAC0026732A9D1E","","-","-","-","","","",""
"Printer","","RNP0026732B152A","","","","","In Use","","","Aug/20/2013","","","","","","","","","","","","","","Aug/18/2012 11:17:29","Sep/08/2012 16:11:22","","","","2GB","-","-","192.168.104.11","255.255.255.0","00:26:73:2b:15:2a","MAC0026732B152A","","-","-","-","","","",""
"Printer","","RNP00267345E602","","","","","In Use","","","Aug/20/2013","","","","","","","","","","","","","","Aug/18/2012 11:17:24","Sep/08/2012 16:11:22","","","","2GB","-","-","192.168.102.11","255.255.255.0","00:26:73:45:e6:02","MAC00267345E602","","-","-","-","","","",""
"Printer","","RNP10F270","","","","","In Use","","","Aug/20/2013","","","","","","","","","","","","","","Aug/18/2012 11:16:33","Sep/08/2012 16:11:22","","","","1GB","-","-","192.168.103.11","255.255.255.0","00:26:73:10:f2:70","MAC00267310F270","","-","-","-","","","",""
"Printer","","RNP138649","","","","","In Use","","","Aug/20/2013","","","","","","","","","","","","","","Aug/18/2012 11:17:24","Sep/08/2012 16:11:22","","","","1.5GB","-","-","192.168.106.12","255.255.255.0","00:26:73:13:86:49","MAC002673138649","","-","-","-","","","",""
"Printer","","RNP96A702","","","","","In Use","","","Aug/07/2013","","","","","","","","","","","","","","Aug/18/2012 11:17:24","Sep/08/2012 16:11:22","","","","512MB","-","-","192.168.101.11","255.255.255.0","00:00:74:96:a7:02","MAC00007496A702","","-","-","-","","","",""
"Printer","","RNPB73BB5","","","","","In Use","","","Aug/20/2013","","","","","","","","","","","","","","Aug/18/2012 11:16:03","Sep/08/2012 16:11:22","","","","1GB","-","-","192.168.104.13","255.255.255.0","00:00:74:b7:3b:b5","MAC000074B73BB5","","-","-","-","","","",""
"Printer","","RNPD50015","","","","","In Use","","","Aug/07/2013","","","","","","","","","","","","","","Aug/18/2012 11:17:14","Sep/08/2012 16:11:22","","","","1GB","-","-","192.168.101.12","255.255.255.0","00:00:74:d5:00:15","MAC000074D50015","","-","-","-","","","",""
"Printer","","RNPEA48CB","","","","","In Use","","","Aug/20/2013","","","","","","","","","","","","","","Aug/18/2012 11:17:24","Sep/08/2012 16:11:22","","","","768MB","-","-","192.168.102.12","255.255.255.0","00:00:74:ea:48:cb","MAC000074EA48CB","","-","-","-","","","",""
"Notebook","MM-NB-004","MM_NIKORN","LENOVO","","","","In Use","Disposed","Feb/28/2017","Aug/21/2013","MM","Store_MM","Mr.Nikorn","","","191","","","","","","","","Aug/18/2012 15:24:38","Aug/17/2013 15:21:25","IdeaPad Y450","KL10922367FBNNN","Intel(R) Core(TM)2 Duo CPU     T6600  @ 2.20GHz","2GB","298GB","242GB","192.168.99.71","255.255.255.0","00:23:8b:cd:06:5f","MM_NIKORN","Microsoft Windows XP Professional","-","-","-","","","",""
"Notebook","GM-NB-008","Morita","LENOVO","","","","In Use","Disposed","Aug/05/2018","Mar/05/2013","GM","TEC_Office","","","","","","","","","","","","Aug/18/2012 11:16:59","Aug/17/2013 12:00:02","7735E21","L3K6578","Intel(R) Core(TM)2 Duo CPU     T8100  @ 2.10GHz","4GB","149GB","119GB","192.168.104.105","255.255.255.0","00:1c:25:92:e9:bc","Morita","Microsoft Windows 7 Professional","-","-","-","","","",""
"Notebook","PC-NB-008","PC_KRAISORN","LENOVO","","","","In Use","Disposed","Feb/28/2017","Aug/21/2013","PC","PC_Office","Mr.Kraisorn","","","402","","","","","","","","Aug/18/2012 14:08:25","Aug/17/2013 15:21:25","4180NL9","PBE8646","Intel(R) Core(TM) i3-2350M CPU @ 2.30GHz","4GB","465GB","388GB","192.168.99.229","255.255.255.0","00:21:cc:b7:e7:f6","PC_Kraisorn","Microsoft Windows 7 Professional","-","-","-","","","",""
"Notebook","PC-NB-026","PC_TANONGSAK","LENOVO","","","","In Use","Disposed","Feb/28/2017","Aug/21/2013","PC","PD_Office","Mr.Tanongsak","","","","","","","","","","","Aug/18/2012 11:16:23","Aug/17/2013 15:21:25","20035","2.27E+12","Intel(R) Core(TM) i7 CPU       Q 720  @ 1.60GHz","4GB","465GB","210GB","192.168.99.72","255.255.255.0","00:21:6a:96:39:9a","PC_Tanongsak","Microsoft Windows 7 Professional","-","-","-","","","",""
"Notebook","TC-NB-002","TECH_Jamrieng","LENOVO","","","","In Use","Disposed","Feb/28/2017","Aug/21/2013","TEC","TEC_Office","Mr.Jamrieng","","","","","","","","","","","Aug/18/2012 11:17:54","Aug/17/2013 15:21:28","4180NL9","PBE8622","Intel(R) Core(TM) i3-2350M CPU @ 2.30GHz","4GB","763GB","659GB","192.168.99.94","255.255.255.0","00:21:cc:b7:7b:a0","TECH_Jamrieng","Microsoft Windows 7 Professional","-","-","-","","","",""
"Notebook","GM-NB-004","YAMADA-PC","LENOVO","","","","In Use","Disposed","Feb/28/2017","Aug/21/2013","TEC","TEC_Office","Mr.Yamada","","","","","","","","","","","Aug/18/2012 11:18:05","Aug/17/2013 15:21:28","428452T","R9PCGR7","Intel(R) Core(TM) i7-2760QM CPU @ 2.40GHz","4GB","465GB","333GB","192.168.99.106","255.255.255.0","f0:de:f1:f9:53:59","YAMADA-PC","Microsoft Windows 7 Professional","-","-","-","","","",""
"Lease Line","NM0WAORI1","Lease Line (KSC)","","","KSC","Jan/01/2013","In Use","","","Mar/05/2013","","","","","","","","","","","","","","Mar/05/2013 11:13:02","Aug/17/2013 15:21:25","","","","-","-","-","","","","","","-","-","-","","","",""
"Server","IT-SV-008","IBM-VM-01","IBM","VM-01","","","In Server Room","In Server Room","Sep/09/2017","Sep/09/2012","IT","SV-Room","Mr.Preecha","","it.preecha@g-tec.co.th","391","","","","","","","","Sep/19/2012 12:04:00","Aug/17/2013 15:21:25","","","Intel(R) Xeon(R) CPU 6C E5-2620 95W 2.0GHz","48GB","146GB","-","192.168.12.11","255.255.255.0","","","","-","-","-","","","",""
"Server","IT-SV-009","IBM-VM-02","IBM","VM-02","","","In Server Room","In Server Room","Sep/09/2017","Sep/09/2012","IT","SV-Room","Mr.Preecha","","","391","","","","","","","","Sep/19/2012 14:26:16","Aug/17/2013 15:21:25","","","Intel(R) Xeon(R) CPU 6C E5-2620 95W 2.0GHz","48GB","292GB","-","192.168.12.12","255.255.255.0","","","","-","-","-","","","",""
"Server","IT-SV-010","IBM-VM-03","IBM","VM-03","","","In Server Room","In Server Room","Sep/09/2012","Sep/09/2012","IT","SV-Room","Mr.Preecha","","","391","","","","","","","","Sep/19/2012 14:30:01","Aug/17/2013 15:21:25","","","Intel(R) Xeon(R) CPU 6C E5-2620 95W 2.0GHz","48GB","292GB","-","192.168.12.13","255.255.255.0","","","","-","-","-","","","",""
"Server","IT-SV-006","Mail Server","HP","Mail Server","","","In Server Room","Disposed","Feb/23/2016","Feb/24/2011","IT","SV-Room","Mr.Thirachai","","itstaff@g-tec.co.th","391","","","","","","","","Sep/19/2012 11:33:53","Aug/17/2013 15:21:25","HP ProLiant DL120 G6","SGH104XCX3","","-","-","-","192.168.98.3","255.255.255.0","","","","-","-","-","","","",""
"Storage","IT-SV-007","HP Storage Works MSA60","HP","","","","In Server Room","Disposed","Jan/30/2013","Jan/31/2009","IT","","Mr.Thirachai","","itstaff@g-tec.co.th","391","","","","","","","","Sep/19/2012 11:42:36","Aug/17/2013 15:21:25","HP Storage Works MSA60","SGA84100Z8","","-","-","-","","","","","","-","-","-","","","",""
"Storage","IT-SV-011","Storage-EMC","EMC VNXE","","","","In Server Room","In Server Room","Sep/09/2012","Sep/09/2012","IT","SV-Room","Mr.Preecha","","it.preecha@g-tec.co.th","391","","","","","","","","Sep/19/2012 15:07:40","Aug/17/2013 15:21:28","","","","8GB","10TB","-","192.168.99.17","255.255.255.0","","","","-","-","-","","","",""
"PC","PR-PC-004","Press_Somnuk","LENOVO","","","","Disposed","","","Aug/17/2013","Press","PD_Office","Mr.Somnuk","","","330","","","","","","","","Aug/20/2012 07:51:13","Aug/17/2013 16:58:33","2743QNT","MLHPTB4","Intel(R) Core(TM)2 Duo CPU     T5870  @ 2.00GHz","2GB","232GB","164GB","192.168.102.112","255.255.255.0","90:e6:ba:60:80:6e","Press_Somnuk.G-TEC.LOCAL","Microsoft Windows XP Professional","-","-","-","","","",""
